Crime ID,Month,Reported by,Falls within,Longitude,Latitude,Location,LSOA code,LSOA name,Crime type,Last outcome category,Context
62b6ea217d109ecfa32c6756258e12b91e3dd50938513ee1050e3ded6a26a515,2019-08,Cleveland Police,Cleveland Police,-1.240254,54.714716,On or near Hirdman Grove,E01011969,Hartlepool 001B,Burglary,Investigation complete; no suspect identified,
23a5eaa0638f065be725140e85ad1f2d9377f7f58ec787d8aba81ca916c9b83b,2019-08,Cleveland Police,Cleveland Police,-1.235179,54.705545,On or near Easington Road,E01033467,Hartlepool 001G,Burglary,Investigation complete; no suspect identified,
a68697dd231b389d2a1e684a94911ca9af34bf6ea8c272d8f2d1d77d1f455d3f,2019-08,Cleveland Police,Cleveland Police,-1.235179,54.705545,On or near Easington Road,E01033467,Hartlepool 001G,Burglary,Investigation complete; no suspect identified,
a8d228a784da1ae9bf986de0e9ca19c9a2b23d8c593f99a460219767b5634f40,2019-08,Cleveland Police,Cleveland Police,-1.229752,54.70862,On or near West View Road,E01011953,Hartlepool 002B,Burglary,Unable to prosecute suspect,
9ff48e6cdf6bf0917ceb0c4e9a431464c38977cd13c1e600db59fdcb28d0e6e8,2019-08,Cleveland Police,Cleveland Police,-1.229752,54.70862,On or near West View Road,E01011953,Hartlepool 002B,Burglary,Investigation complete; no suspect identified,
9b2bc3ee47940ae3b32828f7f99f2e1a74f7466ea972f428dff4cd2b9d9940ca,2019-08,Cleveland Police,Cleveland Police,-1.229851,54.710759,On or near Nesbyt Road,E01011953,Hartlepool 002B,Burglary,Investigation complete; no suspect identified,
86706a304be5284d90d8fa27309165a220dec4071456293f5005895f3833aac3,2019-08,Cleveland Police,Cleveland Police,-1.227875,54.706119,On or near Davison Drive,E01011953,Hartlepool 002B,Burglary,Investigation complete; no suspect identified,
b1a5f67f79457ada715426879beea67ee972e7eda379537bdcd2ff3c2e61e069,2019-08,Cleveland Police,Cleveland Police,-1.217784,54.701408,On or near Oakesway,E01011992,Hartlepool 002D,Burglary,Unable to prosecute suspect,
18a0167bcd74b27ae723dcb55f65302be32da1e1733bf924c4be6a01ab8cbc36,2019-08,Cleveland Police,Cleveland Police,-1.221749,54.70749,On or near Bruce Crescent,E01011992,Hartlepool 002D,Burglary,Unable to prosecute suspect,
5aafd9b8224146f2ea5e5e7e6a3e6f46b4e7d8acde212a7f073c78731384f764,2019-08,Cleveland Police,Cleveland Police,-1.212397,54.697535,On or near Lancaster Road,E01011992,Hartlepool 002D,Burglary,Investigation complete; no suspect identified,
5a0929954e20ac057b81f4f7518159217bae20403aaaba5d06e39a261b0105ec,2019-08,Cleveland Police,Cleveland Police,-1.221749,54.70749,On or near Bruce Crescent,E01011992,Hartlepool 002D,Burglary,Investigation complete; no suspect identified,
b85d84c900396cdcf1f828411be8780e4bf1f5b8283892ae753352c7612529f1,2019-08,Cleveland Police,Cleveland Police,-1.220784,54.706837,On or near Miers Avenue,E01011992,Hartlepool 002D,Burglary,Unable to prosecute suspect,
d75b850693a983a2f328bcb4bda85fa9f150778176b6f4719f00da532b1c40de,2019-08,Cleveland Police,Cleveland Police,-1.219371,54.707691,On or near Sedgewick Close,E01011992,Hartlepool 002D,Burglary,Investigation complete; no suspect identified,
037d9c68c02604aebe20bd2449896ab5be615a48bdd52c4f13874ec74a8e82eb,2019-08,Cleveland Police,Cleveland Police,-1.214807,54.706906,On or near Police Station,E01011992,Hartlepool 002D,Burglary,Unable to prosecute suspect,
c300b69bb7dc36d1b346fec215a2ccc759b919fd69df47559a1fe326e7e68c35,2019-08,Cleveland Police,Cleveland Police,-1.193121,54.702468,On or near Burke Place,E01011993,Hartlepool 002E,Burglary,Investigation complete; no suspect identified,
116aa1cbc063e331f771cfeeb8c021f3b40509a4d9d2e43359c3d237f777b20c,2019-08,Cleveland Police,Cleveland Police,-1.188787,54.699591,On or near Warren Street,E01011993,Hartlepool 002E,Burglary,Unable to prosecute suspect,
d078f52b4eae4cefce5fe7fd0c96ada9a9f02ae2c562773d7b4f130af49d6ef3,2019-08,Cleveland Police,Cleveland Police,-1.20951,54.704778,On or near West View Road,E01011994,Hartlepool 002F,Burglary,Investigation complete; no suspect identified,
2db05fcd30a1cc12d3af5b9163994902c7037d1c77b46b4fc39b9a552bf3e1e1,2019-08,Cleveland Police,Cleveland Police,-1.207088,54.703216,On or near Somersby Close,E01011994,Hartlepool 002F,Burglary,Unable to prosecute suspect,
52d010c9946fd3d6406491a9ee4cc9249ac699ef04f011f85c76a7649f5fb993,2019-08,Cleveland Police,Cleveland Police,-1.20951,54.704778,On or near West View Road,E01011994,Hartlepool 002F,Burglary,Unable to prosecute suspect,
5843a4e32d934b21413ce189d83df6e50a3f162ed8ed60c324939a5528aaef05,2019-08,Cleveland Police,Cleveland Police,-1.207582,54.702555,On or near Troutpool Close,E01011994,Hartlepool 002F,Burglary,Unable to prosecute suspect,
ec1f07059fc4f41120777a483d902373c3c84ce0bbea1522935e08a9bb1ef7ff,2019-08,Cleveland Police,Cleveland Police,-1.215731,54.694448,On or near Wharton Terrace,E01011955,Hartlepool 003A,Burglary,Unable to prosecute suspect,
cb54ac0eeefe8667ef11afb1560fb53edd1deb5c67a63a785d4de14e221d1155,2019-08,Cleveland Police,Cleveland Police,-1.2157,54.693621,On or near Brougham Terrace,E01011955,Hartlepool 003A,Burglary,Investigation complete; no suspect identified,
920b46f96fdf5da0df7d79f18f8573f4ca597459261c141819fc1c8d60f81393,2019-08,Cleveland Police,Cleveland Police,-1.212936,54.692138,On or near Hospital,E01011955,Hartlepool 003A,Burglary,Investigation complete; no suspect identified,
e387d5bdafc02371492e7dded8e2002d722d1667c5ea19e1a00cad7355521bc5,2019-08,Cleveland Police,Cleveland Police,-1.212936,54.692138,On or near Hospital,E01011955,Hartlepool 003A,Burglary,Investigation complete; no suspect identified,
d3d99990818ddf24a31ecbccd99ddb97d27e9da04f2c9abdd7a436fd581a6685,2019-08,Cleveland Police,Cleveland Police,-1.213481,54.697668,On or near May Street,E01011955,Hartlepool 003A,Burglary,Investigation complete; no suspect identified,
4ebeb1541939cd4ec3a4613c69999395b031af3d25f38a15a830481c1699f29b,2019-08,Cleveland Police,Cleveland Police,-1.23129,54.70029,On or near Throston Close,E01032540,Hartlepool 003G,Burglary,Investigation complete; no suspect identified,
8d60708b4c5c626ce3fef1d3abdf3c52506272dc7c3a750a1d7cbe0ef5ce4206,2019-08,Cleveland Police,Cleveland Police,-1.238336,54.696119,On or near Wiltshire Way,E01032541,Hartlepool 003H,Burglary,Investigation complete; no suspect identified,
8ae9117741333f9bb62d24492a0f0c1b858b3ec0971852ee6e35c44187727d7a,2019-08,Cleveland Police,Cleveland Police,-1.235906,54.694127,On or near Elmwood Place,E01032541,Hartlepool 003H,Burglary,Investigation complete; no suspect identified,
8b4b91af1367572891196bc94067c7f3d68c212c3189012fa6733a50f794881f,2019-08,Cleveland Police,Cleveland Police,-1.235906,54.694127,On or near Elmwood Place,E01032541,Hartlepool 003H,Burglary,Investigation complete; no suspect identified,
3ce45e270cdd9630dbb5d87fadae36c550e60a02fcdbad17a7dc991dd054feee,2019-08,Cleveland Police,Cleveland Police,-1.226569,54.698049,On or near Ivy Grove,E01033466,Hartlepool 003I,Burglary,Unable to prosecute suspect,
110c5a41a91e1463d17fd6fe8f90a848c847c728edca1f0aa6e3e4535fbeb7c6,2019-08,Cleveland Police,Cleveland Police,-1.216248,54.690164,On or near Cameron Road,E01011973,Hartlepool 005A,Burglary,Court result unavailable,
471c2f2be557eb00509eb703a4dd75ed4f0562079937df6b5975ef40299bdb3d,2019-08,Cleveland Police,Cleveland Police,-1.219711,54.686727,On or near Elcho Street,E01011973,Hartlepool 005A,Burglary,Investigation complete; no suspect identified,
6a29d29410c6193a1014dd9b18bfabb248c92d546f8d70cb0512ad8ef03fbe5f,2019-08,Cleveland Police,Cleveland Police,-1.20116,54.68825,On or near Admiral Way,E01011974,Hartlepool 005B,Burglary,Court result unavailable,
20bba8c528ebbe6dc134dbdeac5f2b4d7e1593b97189cd272a04952a19b2c535,2019-08,Cleveland Police,Cleveland Police,-1.213789,54.691343,On or near Middleton Road,E01011974,Hartlepool 005B,Burglary,Further investigation is not in the public interest,
5d0956b0d6e5c6f8d61f4282c93d8b51202f2c71bc12d843c7ff6a39492e635f,2019-08,Cleveland Police,Cleveland Police,-1.214742,54.687009,On or near Tees Street,E01011974,Hartlepool 005B,Burglary,Unable to prosecute suspect,
aa0f648a29ca8f9c1b62b25d06f0566f59289c35f87285613fcb34bc7052cd0a,2019-08,Cleveland Police,Cleveland Police,-1.228482,54.689658,On or near Stephen Street,E01011975,Hartlepool 005C,Burglary,Investigation complete; no suspect identified,
63ecec404db591aecac97e849e025aa5db63fa4293b644b9a861df9d0be976b3,2019-08,Cleveland Police,Cleveland Police,-1.230593,54.68304,On or near Glendale Avenue,E01011965,Hartlepool 006A,Burglary,Investigation complete; no suspect identified,
11859e4ae96d4a7ff3f5bbee2c918b467574552e07fa48ce9e6da615e1f5fcfd,2019-08,Cleveland Police,Cleveland Police,-1.231428,54.680663,On or near Newlands Avenue,E01011965,Hartlepool 006A,Burglary,Court result unavailable,
dabf738ba8217fc56b95c21a6a55f8a557138cdb48eddd2b593c9ab9ca0d1f58,2019-08,Cleveland Police,Cleveland Police,-1.227646,54.681394,On or near Eldon Grove,E01011965,Hartlepool 006A,Burglary,Investigation complete; no suspect identified,
0d3de3f363b3982f25645d4d6c0e1a691b3d26bb773c94d24b3b49b24f37cdf6,2019-08,Cleveland Police,Cleveland Police,-1.234015,54.690727,On or near Serpentine Road,E01011966,Hartlepool 006B,Burglary,Investigation complete; no suspect identified,
6b25741d38ed71283020f2550bc1e426bda26892e2db91e4b5dbda87e2367e27,2019-08,Cleveland Police,Cleveland Police,-1.226803,54.691454,On or near Jesmond Road,E01012002,Hartlepool 006D,Burglary,Investigation complete; no suspect identified,
f7a1a435966f9b27269fb184c0e8da842078809a48623b32075d3a0373e3a7ee,2019-08,Cleveland Police,Cleveland Police,-1.223279,54.678607,On or near Baden Street,E01011951,Hartlepool 007A,Burglary,Investigation complete; no suspect identified,
d201a2c5dfeeaf6a8eb9fba67a2b078c4635af0d9141f90dc39bcbff16a8f732,2019-08,Cleveland Police,Cleveland Police,-1.221495,54.678632,On or near Rydal Street,E01011951,Hartlepool 007A,Burglary,Investigation complete; no suspect identified,
c60befb048b7e249ea75e5dde9c6441dd1de12f6c93e09eaba8fb59c67ccd56d,2019-08,Cleveland Police,Cleveland Police,-1.222832,54.686576,On or near Alma Street,E01011964,Hartlepool 007B,Burglary,Investigation complete; no suspect identified,
98b677f0307ae268ee614f804e694ca20fe85b5e430d86f9cfecbb823f15f227,2019-08,Cleveland Police,Cleveland Police,-1.224857,54.686112,On or near Thornville Road,E01011964,Hartlepool 007B,Burglary,Investigation complete; no suspect identified,
ac8bdf09a62ba6568fe10c2b50eac5d2359f96c2ec6c0faa89c3666eb373ad7d,2019-08,Cleveland Police,Cleveland Police,-1.222156,54.682986,On or near Stanhope Avenue,E01011964,Hartlepool 007B,Burglary,Court result unavailable,
5ec3be04a4804588f8426e9e73cd4fb45a1e00fe93c68e5159e8739c4b2df8a2,2019-08,Cleveland Police,Cleveland Police,-1.22293,54.685471,On or near Grosvenor Street,E01011964,Hartlepool 007B,Burglary,Investigation complete; no suspect identified,
4cb1392287e5f6f871e6e6803809bea760ac6c1961fd7cd086022f9ddb2f2613,2019-08,Cleveland Police,Cleveland Police,-1.224717,54.683721,On or near Clifton Avenue,E01011964,Hartlepool 007B,Burglary,Investigation complete; no suspect identified,
f0aea79f50535802b52d1168cd560d3e6d5406a693fe779c9bee6dacd346a96b,2019-08,Cleveland Police,Cleveland Police,-1.220288,54.681725,On or near Osborne Road,E01011967,Hartlepool 007C,Burglary,Unable to prosecute suspect,
01844e5e44d4be9684df1ab23f3de5cb0921bca7346e09026f02d78fa968beba,2019-08,Cleveland Police,Cleveland Police,-1.221157,54.680885,On or near Lister Street,E01011967,Hartlepool 007C,Burglary,Investigation complete; no suspect identified,
1b8dce52af009968933eb3e1ea5d9aef149a604efaac50efa8b431be141832ca,2019-08,Cleveland Police,Cleveland Police,-1.2153,54.678978,On or near Whitburn Street,E01011999,Hartlepool 007D,Burglary,Unable to prosecute suspect,
7b71825e6aad494f6f2400b83113149985855444f9701fc0950b64f7562ec171,2019-08,Cleveland Police,Cleveland Police,-1.21534,54.679329,On or near Houghton Street,E01011999,Hartlepool 007D,Burglary,Investigation complete; no suspect identified,
9a9c28e547ad311f1608f795e4cb4d5c58e1028ae7f3774e2819c5113c2b3747,2019-08,Cleveland Police,Cleveland Police,-1.211147,54.680407,On or near Thompson Street,E01011999,Hartlepool 007D,Burglary,Unable to prosecute suspect,
9e0e956c4da1abe3eab95bd48a86008926bf2cd25cbb0daecfbf020725330b54,2019-08,Cleveland Police,Cleveland Police,-1.213734,54.683785,On or near Supermarket,E01011999,Hartlepool 007D,Burglary,Court result unavailable,
31ae112355c39929ff0ccad138004b03c687dcc9cb8d322c3660f9b14a10fa43,2019-08,Cleveland Police,Cleveland Police,-1.213734,54.683785,On or near Supermarket,E01011999,Hartlepool 007D,Burglary,Court result unavailable,
56254d3a70254e468271f36e61f86d2ab4582fa22b2e6de006994b871da1803a,2019-08,Cleveland Police,Cleveland Police,-1.213734,54.683785,On or near Supermarket,E01011999,Hartlepool 007D,Burglary,Court result unavailable,
9a3d107f2851eb78527d7b3ae62c8d9dc605e709bcb443abae1a8abf30a28164,2019-08,Cleveland Police,Cleveland Police,-1.21359,54.682409,On or near Eden Street,E01011999,Hartlepool 007D,Burglary,Unable to prosecute suspect,
fc3a6280f250089ca2524b4bb9d6e6c5285d684b619293edfd9adc0eae95c676,2019-08,Cleveland Police,Cleveland Police,-1.218691,54.683305,On or near Carlton Street,E01011999,Hartlepool 007D,Burglary,Offender given a caution,
b2568c2fcca174cfa8186ed0c257ae3296249f755029fea722baf50e0746ca7d,2019-08,Cleveland Police,Cleveland Police,-1.205292,54.687127,On or near Parking Area,E01012000,Hartlepool 007E,Burglary,Investigation complete; no suspect identified,
c81fb21dbd118b277111ba841d2a4dd15fbd36d36b4e6d2ac69002ee26a7650d,2019-08,Cleveland Police,Cleveland Police,-1.200492,54.686709,On or near Trident Close,E01012000,Hartlepool 007E,Burglary,Court result unavailable,
9901f2e397f93c7b8de77d8ad9c758957b65f6aa9433825499b83ba9d4c35d55,2019-08,Cleveland Police,Cleveland Police,-1.209067,54.686064,On or near Church Street,E01012000,Hartlepool 007E,Burglary,Investigation complete; no suspect identified,
39a432089f5305cded93e167f840bbc1f52ce30dc1d74a9eb62339d20d9b6626,2019-08,Cleveland Police,Cleveland Police,-1.209067,54.686064,On or near Church Street,E01012000,Hartlepool 007E,Burglary,Investigation complete; no suspect identified,
b7e0d08b994dea47f81423c2d9074ab4803ca3f337fdcd582c41821c3aa831dc,2019-08,Cleveland Police,Cleveland Police,-1.20989,54.685216,On or near Further/Higher Educational Building,E01012000,Hartlepool 007E,Burglary,Investigation complete; no suspect identified,
86441d15739e08ef422cff9d74c0f0bbef5e01489a4e68cc3586736342f0c68a,2019-08,Cleveland Police,Cleveland Police,-1.220212,54.675173,On or near Rossall Street,E01011950,Hartlepool 008A,Burglary,Investigation complete; no suspect identified,
ab6b796b53d64ba7f8d3728443d051b5e74f84de66b8d7c4f34b2d60cdcbdcb4,2019-08,Cleveland Police,Cleveland Police,-1.223325,54.675372,On or near Shrewsbury Street,E01011950,Hartlepool 008A,Burglary,Court result unavailable,
cafa9750e0451712a876eda6d53fc71bd86929f314fcdfa1b3c7807e4c4d781a,2019-08,Cleveland Police,Cleveland Police,-1.221876,54.674896,On or near Charterhouse Street,E01011950,Hartlepool 008A,Burglary,Investigation complete; no suspect identified,
ad5a9dd818d8b203e0d2e4ad674113a408ab732c55738e29f9242dcef083584c,2019-08,Cleveland Police,Cleveland Police,-1.217396,54.675631,On or near Derby Street,E01011950,Hartlepool 008A,Burglary,Investigation complete; no suspect identified,
504a2999e03abec5c4ce679df5d67b25f5b033357afde4a9a2a0cb4c15981bac,2019-08,Cleveland Police,Cleveland Police,-1.21626,54.675821,On or near Dorset Street,E01011950,Hartlepool 008A,Burglary,Unable to prosecute suspect,
21f957d0de97587f80d43f5d455b5e9a6aef5db282cabd66e848c0be7ec230f1,2019-08,Cleveland Police,Cleveland Police,-1.216836,54.675726,On or near Devon Street,E01011950,Hartlepool 008A,Burglary,Investigation complete; no suspect identified,
f3ea56e6d432aa56c06bda490e4cb4664efe849896f5c5af67c228e299326b58,2019-08,Cleveland Police,Cleveland Police,-1.20872,54.67517,On or near Ladysmith Street,E01012001,Hartlepool 008D,Burglary,Court result unavailable,
18c5d9e482d0449c2714a37188608c2af519265e1e954baee0783fd904053703,2019-08,Cleveland Police,Cleveland Police,-1.213546,54.674249,On or near Suffolk Close,E01012001,Hartlepool 008D,Burglary,Investigation complete; no suspect identified,
99186c5a68958975fb4edce08090f4910eea21fc4a49089171b1355f1e69255e,2019-08,Cleveland Police,Cleveland Police,-1.24345,54.673891,On or near Thackeray Road,E01011981,Hartlepool 009C,Burglary,Investigation complete; no suspect identified,
436c9c07a7e922001926c07f47cf7fa6d6c2d7cd424f7aaf03358c206468aed8,2019-08,Cleveland Police,Cleveland Police,-1.231667,54.663913,On or near Whitworth Gardens,E01011988,Hartlepool 010B,Burglary,Unable to prosecute suspect,
9d90e0c5aa46401d1ea9d3679b09c69006435ed9d73af6c35719c2cb08b5bfcd,2019-08,Cleveland Police,Cleveland Police,-1.230643,54.662307,On or near Dumfries Road,E01011988,Hartlepool 010B,Burglary,Investigation complete; no suspect identified,
f52017aca58919657aa1556452320c88cffa4226c6a94f0af741dd26bdd83aac,2019-08,Cleveland Police,Cleveland Police,-1.22515,54.657698,On or near Mardale Avenue,E01011990,Hartlepool 010D,Burglary,Investigation complete; no suspect identified,
eac8675f798adc450a0bc42fe6ed45279a8878eb5faa78dcab488510163594e6,2019-08,Cleveland Police,Cleveland Police,-1.195045,54.657034,On or near Ingleby Road,E01011995,Hartlepool 011A,Burglary,Investigation complete; no suspect identified,
cd2aca9c417ebb649f945f5159439135f2d562eab62d86572322a5ec6ebbbdad,2019-08,Cleveland Police,Cleveland Police,-1.191558,54.667903,On or near Hornby Close,E01011997,Hartlepool 011C,Burglary,Unable to prosecute suspect,
c481def1d59ab81858a3247e215e458a60f908143351acf7c417f6a058e550ae,2019-08,Cleveland Police,Cleveland Police,-1.197553,54.667404,On or near Neptune Close,E01011997,Hartlepool 011C,Burglary,Investigation complete; no suspect identified,
2d9bc39e39957ab0896ab198312785142abc2f55887da8a6982b0ec973f18a72,2019-08,Cleveland Police,Cleveland Police,-1.200385,54.655038,On or near Bilsdale Road,E01011997,Hartlepool 011C,Burglary,Investigation complete; no suspect identified,
439f2e42537c3cfaefa6a96e3eccf7f71623200e9e6aa8450cf80a84be618f89,2019-08,Cleveland Police,Cleveland Police,-1.244172,54.66259,On or near Fraser Grove,E01011978,Hartlepool 012D,Burglary,Investigation complete; no suspect identified,
5adf4331d603f942256e2083273dafb6d75a1c6f02364eae945efd7513c8a89f,2019-08,Cleveland Police,Cleveland Police,-1.238977,54.658522,On or near Holyrood Walk,E01011978,Hartlepool 012D,Burglary,Investigation complete; no suspect identified,
5cbcf2fa7c77ce7f8c0685fd59de900ff218f67d9926c24a81f5ed2fcfcc1e63,2019-08,Cleveland Police,Cleveland Police,-1.24412,54.666211,On or near Parking Area,E01011979,Hartlepool 012E,Burglary,Investigation complete; no suspect identified,
1e56f37a70a235920591cb85879a99c9c9a4fd27829886640a404bbb69f96cd0,2019-08,Cleveland Police,Cleveland Police,-1.295368,54.684647,On or near Manor Close,E01011959,Hartlepool 014A,Burglary,Investigation complete; no suspect identified,
be19e3e6fd8645b1b3799611569ed9b9ef89f2ccf3bb9d09a7fdbf6ab23dbf18,2019-08,Cleveland Police,Cleveland Police,-1.279162,54.709858,On or near Burn'S Close,E01011959,Hartlepool 014A,Burglary,Investigation complete; no suspect identified,
8d531fb562f7652b3b2ac7d07f69ca28eac2354af99c0be5e8fe57ba0b416096,2019-08,Cleveland Police,Cleveland Police,-1.275175,54.70712,On or near South View,E01011959,Hartlepool 014A,Burglary,Investigation complete; no suspect identified,
b8a7514cc055e08a0f56765a7875aa808e83ed187224221170f5b0de8cfaf7ac,2019-08,Cleveland Police,Cleveland Police,-1.260141,54.665079,On or near Brierton Lane,E01011959,Hartlepool 014A,Burglary,Investigation complete; no suspect identified,
3f4821e51de78eae44a702a7b1bcd9081e2084cdef6908d267ded3453c008c8b,2019-08,Cleveland Police,Cleveland Police,-1.238453,54.651707,On or near Thetford Road,E01011960,Hartlepool 014B,Burglary,Investigation complete; no suspect identified,
c1d6f668f31e27512e568b49a3625dbd05cb95dc34d5a7f4263732c6f30971ac,2019-08,Cleveland Police,Cleveland Police,-1.23835,54.653108,On or near Mowbray Road,E01011960,Hartlepool 014B,Burglary,Investigation complete; no suspect identified,
dcab42a14c0a048b6a65e04117c8190998c7604fca15928ac9138fc23f665187,2019-08,Cleveland Police,Cleveland Police,-1.252811,54.680114,On or near Hardwick Court,E01011982,Hartlepool 014E,Burglary,Investigation complete; no suspect identified,
52092e2ebd3f626239373f688a9d42db75d4a0919593e911068debb526ab4c03,2019-08,Cleveland Police,Cleveland Police,-1.243452,54.693842,On or near Hartside Gardens,E01012003,Hartlepool 014F,Burglary,Investigation complete; no suspect identified,
1e7359d33773dfe507f542d8d04cb414f0b9b145b91455c18a12949afdbc9051,2019-08,Cleveland Police,Cleveland Police,-1.232579,54.573519,On or near Montrose Street,E01012068,Middlesbrough 001A,Burglary,Investigation complete; no suspect identified,
9463b03af7524edacce0d595f61f3b5aa274a442d69d888d7ab0e1e5555b39ff,2019-08,Cleveland Police,Cleveland Police,-1.240987,54.571415,On or near Palmer Street,E01012068,Middlesbrough 001A,Burglary,Unable to prosecute suspect,
2dcbb32a6aa954c850bdbd03a3083e593106c688a35722dbf0360de0e59e53bd,2019-08,Cleveland Police,Cleveland Police,-1.231565,54.570691,On or near Fern Street,E01012068,Middlesbrough 001A,Burglary,Investigation complete; no suspect identified,
a4cca428765a0b8b49ef63cdbc7bc75deaa9702df07cfcb6cd4be6e517f3cf67,2019-08,Cleveland Police,Cleveland Police,-1.237732,54.575052,On or near Whin Street,E01012068,Middlesbrough 001A,Burglary,Court result unavailable,
9465812f99fd3052b3b18356142ec11f8ff08ea0e6e255cf2397da7cc0cda217,2019-08,Cleveland Police,Cleveland Police,-1.240987,54.571415,On or near Palmer Street,E01012068,Middlesbrough 001A,Burglary,Investigation complete; no suspect identified,
06ef1d36ff5a100b8d7b2e249cbb93add72ec8c8eb7514906916f67819986353,2019-08,Cleveland Police,Cleveland Police,-1.238461,54.567508,On or near Albert Terrace,E01012092,Middlesbrough 001D,Burglary,Investigation complete; no suspect identified,
ce2f445e65328762b23b61c7af443ce5ad29b73ba054ef4fabb4906e90d7b731,2019-08,Cleveland Police,Cleveland Police,-1.227999,54.567001,On or near Petrol Station,E01012093,Middlesbrough 001E,Burglary,Investigation complete; no suspect identified,
0b55949e44ecc88a677144813737ab49c9a3385c7b68e07829bb25941757010a,2019-08,Cleveland Police,Cleveland Police,-1.219456,54.57055,On or near Lytton Street,E01012094,Middlesbrough 001F,Burglary,Investigation complete; no suspect identified,
c738e2763acfdcb03e31ae10e4868ae1a67a1fd455686f240b2b91831a9dbff2,2019-08,Cleveland Police,Cleveland Police,-1.225534,54.565718,On or near Newstead Road,E01012094,Middlesbrough 001F,Burglary,Investigation complete; no suspect identified,
54e718fc5ee8b6e0e6b070fe90fca2f710c9d26ae6fb44a5d607519757c860ba,2019-08,Cleveland Police,Cleveland Police,-1.235864,54.576523,On or near Supermarket,E01033468,Middlesbrough 001G,Burglary,Investigation complete; no suspect identified,
0f627b020f2c96e38d5266bf5263216fe71edecec526f8ee6a6709acb762f3ac,2019-08,Cleveland Police,Cleveland Police,-1.239192,54.577263,On or near Hill Street Shopping Centre,E01033468,Middlesbrough 001G,Burglary,Court result unavailable,
3966bc5d1bb18f8f70178da3999101a572d0cf46193e3ea843462ebfb4943829,2019-08,Cleveland Police,Cleveland Police,-1.226932,54.573555,On or near Grange Road,E01033468,Middlesbrough 001G,Burglary,Investigation complete; no suspect identified,
2a62d53e5645d4b2e678b7a9ca37ac476ca6eabf9f2b867ae8ac11c99271b037,2019-08,Cleveland Police,Cleveland Police,-1.22736,54.574645,On or near Russell Street,E01033468,Middlesbrough 001G,Burglary,Investigation complete; no suspect identified,
3547bd6bd06bbd3cbc68181e4434c3187048ac168d8c39424abec0444832d101,2019-08,Cleveland Police,Cleveland Police,-1.225279,54.572601,On or near Elstone Road,E01033468,Middlesbrough 001G,Burglary,Investigation complete; no suspect identified,
f4945e96b014c0e98b1571b07dd2f3e82b7770ac6dc1e31f94458dc921bddeff,2019-08,Cleveland Police,Cleveland Police,-1.231086,54.576412,On or near Fry Street,E01033468,Middlesbrough 001G,Burglary,Unable to prosecute suspect,
107b46b0ac99a52f64216b63a0d4f26a65dec5ac555718329c12409bf45aaed4,2019-08,Cleveland Police,Cleveland Police,-1.226933,54.572665,On or near Camden Street,E01033468,Middlesbrough 001G,Burglary,Investigation complete; no suspect identified,
4d31d366438ece577fc84d49a625958f21922eecaba65462c17b217770d55a51,2019-08,Cleveland Police,Cleveland Police,-1.242415,54.575306,On or near Harris Street,E01033468,Middlesbrough 001G,Burglary,Investigation complete; no suspect identified,
8a1bd35a5033bd6e85326144b234f908f7a1889008c85703ffb2b079d9676973,2019-08,Cleveland Police,Cleveland Police,-1.244099,54.579613,On or near North Road,E01033468,Middlesbrough 001G,Burglary,Investigation complete; no suspect identified,
2c3ea195744b615c8a147efd7ff7a959f5bae116bf48289b31b399dd8bcac9c6,2019-08,Cleveland Police,Cleveland Police,-1.235542,54.578004,On or near Shopping Area,E01033468,Middlesbrough 001G,Burglary,Investigation complete; no suspect identified,
f5646744d82d7a5c01539bf58e64a273496a378df5a35c04e53447523c840059,2019-08,Cleveland Police,Cleveland Police,-1.238129,54.573716,On or near Fairbridge Street,E01033468,Middlesbrough 001G,Burglary,Unable to prosecute suspect,
1960150456a6f2e7b5aba4ae9ad9bd0624eb966f422eebf878e68eba0a318680,2019-08,Cleveland Police,Cleveland Police,-1.235339,54.578138,On or near Wilson Street,E01033468,Middlesbrough 001G,Burglary,Investigation complete; no suspect identified,
7fb5df561b232a198030d7905e0e9e8bff65e680216242d476e701b7229f5da6,2019-08,Cleveland Police,Cleveland Police,-1.243675,54.584975,On or near Harwood Court,E01033468,Middlesbrough 001G,Burglary,Investigation complete; no suspect identified,
0026a95c1bc88f11527ea306ea17d075ec6b60d486b6c7ffd8601a9b6cb31402,2019-08,Cleveland Police,Cleveland Police,-1.213741,54.570909,On or near Kings Mews West,E01012059,Middlesbrough 002B,Burglary,Court result unavailable,
e34fd02867bf973071b14f22c1a78c280099974a5d42033a1526701a1cf5dbaa,2019-08,Cleveland Police,Cleveland Police,-1.209563,54.571834,On or near Esk Street,E01012059,Middlesbrough 002B,Burglary,Investigation complete; no suspect identified,
33ac5ccde8107334e5e35305bed694fa210dc8565e80dcabd0f4351be44505fa,2019-08,Cleveland Police,Cleveland Police,-1.214414,54.568891,On or near Grove Road,E01012059,Middlesbrough 002B,Burglary,Investigation complete; no suspect identified,
13839ec3f1ce35c9e5ef6c42f76904f1d140810f1b5470fb069cc9fe33afef1b,2019-08,Cleveland Police,Cleveland Police,-1.209563,54.571834,On or near Esk Street,E01012059,Middlesbrough 002B,Burglary,Unable to prosecute suspect,
374a6c5ed9a982fa791cd680312f9e0bfc8720e744b675b3925b959248601d59,2019-08,Cleveland Police,Cleveland Police,-1.209343,54.571168,On or near Maria Street,E01012059,Middlesbrough 002B,Burglary,Investigation complete; no suspect identified,
585df26414c65001de6d4fc0e32d771180ef0ce15bb7489b7df549bb230e440b,2019-08,Cleveland Police,Cleveland Police,-1.209343,54.571168,On or near Maria Street,E01012059,Middlesbrough 002B,Burglary,Unable to prosecute suspect,
cfaf37106f73e514735d044dd29fd3772746c275209aa4314fca5532402d5c6a,2019-08,Cleveland Police,Cleveland Police,-1.211468,54.570903,On or near Derwent Street,E01012059,Middlesbrough 002B,Burglary,Investigation complete; no suspect identified,
41b4fde585b42403bdda7ebb139188399d7a3e6aed05b5ae0e4b93bd8e5395e2,2019-08,Cleveland Police,Cleveland Police,-1.214414,54.568891,On or near Grove Road,E01012059,Middlesbrough 002B,Burglary,Unable to prosecute suspect,
7d1627ca1e48f7615ce4284b422d69b5f0683dac0e99cdc46a94b5a38c536a8a,2019-08,Cleveland Police,Cleveland Police,-1.209343,54.571168,On or near Maria Street,E01012059,Middlesbrough 002B,Burglary,Unable to prosecute suspect,
6e4d16a411d45e6c040a75217dcca5860cc63e6a20198b60ed7e9808ca712648,2019-08,Cleveland Police,Cleveland Police,-1.209343,54.571168,On or near Maria Street,E01012059,Middlesbrough 002B,Burglary,Investigation complete; no suspect identified,
10360fa3481db7998de469515cd63d8e07eb27582adf675ca4c0dd6989246ccd,2019-08,Cleveland Police,Cleveland Police,-1.185787,54.570292,On or near Trunk Road,E01012060,Middlesbrough 002C,Burglary,Unable to prosecute suspect,
d354b55b3f2e7d1e6c59f379f8b560df63cf5f6c72b0c926241a37fd6e3e810c,2019-08,Cleveland Police,Cleveland Police,-1.205048,54.573323,On or near Carcut Road,E01012061,Middlesbrough 002D,Burglary,Court result unavailable,
0db6486ffb3e9b6d014e3a9f94782fc445914a6551235ca15e315c6650a5afc7,2019-08,Cleveland Police,Cleveland Police,-1.246426,54.569175,On or near Falkland Street,E01012036,Middlesbrough 003A,Burglary,Investigation complete; no suspect identified,
a20c3d8a8565f12cdf28d138a5247fcf264addb36feeb86bfea7cddeb49c8f44,2019-08,Cleveland Police,Cleveland Police,-1.244242,54.570204,On or near Princes Road,E01012036,Middlesbrough 003A,Burglary,Unable to prosecute suspect,
b236a911b3d04677936f44b80ef120ff3b18d2796a79b6504c5bbc951e05abc0,2019-08,Cleveland Police,Cleveland Police,-1.241404,54.568955,On or near Stowe Street,E01012036,Middlesbrough 003A,Burglary,Investigation complete; no suspect identified,
ffa418d9949f9dd2a20a4ec75e256a55e94dc760c52200d724174577d580b05e,2019-08,Cleveland Police,Cleveland Police,-1.241404,54.568955,On or near Stowe Street,E01012036,Middlesbrough 003A,Burglary,Investigation complete; no suspect identified,
1a32ee82fe92d0b9edcf106a6d51ac4f76dad70dc7e91abe0bf1a30c40f4f4f4,2019-08,Cleveland Police,Cleveland Police,-1.242995,54.569891,On or near Bow Street,E01012036,Middlesbrough 003A,Burglary,Investigation complete; no suspect identified,
149a9ecf3c9e5d2485ea12b8a10e92b20e7dde23237c88dd2de4b73d9a05d476,2019-08,Cleveland Police,Cleveland Police,-1.242995,54.569891,On or near Bow Street,E01012036,Middlesbrough 003A,Burglary,Investigation complete; no suspect identified,
408a876bb5600f21e405c8087eda30e5b82d575b8f38f44879ab7f70b8d625ec,2019-08,Cleveland Police,Cleveland Police,-1.250822,54.569041,On or near Longford Street,E01012037,Middlesbrough 003B,Burglary,Investigation complete; no suspect identified,
e283e1fbe53c4df48dcebf646e791a69efc0e446527d1a960a797c4742257c45,2019-08,Cleveland Police,Cleveland Police,-1.24974,54.567273,On or near Surrey Street,E01012038,Middlesbrough 003C,Burglary,Investigation complete; no suspect identified,
4cebe408741c3e8508a9b6540ceeb9eb31d32a0772ec395d7c8f00912e73e489,2019-08,Cleveland Police,Cleveland Police,-1.241501,54.570394,On or near Albany Street,E01012039,Middlesbrough 003D,Burglary,Investigation complete; no suspect identified,
85e50a0520eaa703b3c8b822dc7f917b99b7d83884fcbe021a5b5e94b41f361f,2019-08,Cleveland Police,Cleveland Police,-1.242182,54.570344,On or near Aske Road,E01012039,Middlesbrough 003D,Burglary,Investigation complete; no suspect identified,
9a612cfd60a363cc507bea244e049640a7c7a9589c5018ae37b9f2f355fe187d,2019-08,Cleveland Police,Cleveland Police,-1.241501,54.570394,On or near Albany Street,E01012039,Middlesbrough 003D,Burglary,Investigation complete; no suspect identified,
fbad4cfadaf3d304c4be21a6ef5b2eba8e16c57713d3fe9ba7117fc82f90e7dc,2019-08,Cleveland Police,Cleveland Police,-1.241501,54.570394,On or near Albany Street,E01012039,Middlesbrough 003D,Burglary,Unable to prosecute suspect,
3b2b663901149bfc162b61ae7417930090a83b74df8abc03f5307a93f649b197,2019-08,Cleveland Police,Cleveland Police,-1.240642,54.570829,On or near Percy Street,E01012039,Middlesbrough 003D,Burglary,Investigation complete; no suspect identified,
38ff1bccaa7c54edfcd8880fb86cf569d7984a6ac1f691d149f5647c514a6d9e,2019-08,Cleveland Police,Cleveland Police,-1.247514,54.565551,On or near Ayresome Street,E01012040,Middlesbrough 003E,Burglary,Unable to prosecute suspect,
c81fb09d3c0cd8956e01f8c57fd571182bc60aa035020c16fc430d82be4ade3d,2019-08,Cleveland Police,Cleveland Police,-1.245314,54.568243,On or near Parliament Road,E01012040,Middlesbrough 003E,Burglary,Investigation complete; no suspect identified,
21cac22b2e91ddeb0611670f3f99e84d43d983855e72d83539bf4d4e65fbcbef,2019-08,Cleveland Police,Cleveland Police,-1.248191,54.575846,On or near Cannon Park Way,E01012041,Middlesbrough 003F,Burglary,Investigation complete; no suspect identified,
f34df92adac4b9972abcdab89e96b875a28eb53998577eda90d611a3f170392e,2019-08,Cleveland Police,Cleveland Police,-1.249033,54.572112,On or near Teare Close,E01012041,Middlesbrough 003F,Burglary,Unable to prosecute suspect,
a33b1254e829f5213da7864029db6f343d096c23f9027377b14ff63f6d6da7f2,2019-08,Cleveland Police,Cleveland Police,-1.206768,54.560411,On or near Graygarth Road,E01012074,Middlesbrough 004A,Burglary,Unable to prosecute suspect,
50ee96dcd37ea9d4f272dd7a5c86f92728a64ca2f045e98d9265d819e075c128,2019-08,Cleveland Police,Cleveland Police,-1.212224,54.557364,On or near Brogden Green,E01012074,Middlesbrough 004A,Burglary,Unable to prosecute suspect,
2e1641aa40f98fd9ddaa63d883bd49807110b918b8d3d6308536efb0b25681fb,2019-08,Cleveland Police,Cleveland Police,-1.208668,54.56054,On or near Bransdale Road,E01012074,Middlesbrough 004A,Burglary,Investigation complete; no suspect identified,
c28a80f3315ecc70290a087b77a9e0feafd93bbd603b9b78dbf3fe2e3b1fcdd2,2019-08,Cleveland Police,Cleveland Police,-1.197228,54.565839,On or near Cotswold Avenue,E01012076,Middlesbrough 004C,Burglary,Investigation complete; no suspect identified,
dbd38be9123e2e5dc5a362eec463c7773f943d92c901d118f9f2778380a55ab8,2019-08,Cleveland Police,Cleveland Police,-1.197732,54.564611,On or near Charlbury Road,E01012076,Middlesbrough 004C,Burglary,Investigation complete; no suspect identified,
378b0322894b32a143adada7f5646bc0fa37cc3a988f339ffaf0822910ae6aee,2019-08,Cleveland Police,Cleveland Police,-1.197732,54.564611,On or near Charlbury Road,E01012076,Middlesbrough 004C,Burglary,Investigation complete; no suspect identified,
02320b179d05db99924a850506624b0d6e9423f019e34d0866ccc78fb07f3b07,2019-08,Cleveland Police,Cleveland Police,-1.210935,54.56646,On or near Irvine Road,E01012077,Middlesbrough 004D,Burglary,Investigation complete; no suspect identified,
963386118cef4c853df5df50dd0b51c418fa0d80e2ea2fe56284c6f19f8f2cce,2019-08,Cleveland Police,Cleveland Police,-1.211011,54.562488,On or near Penhill Close,E01012077,Middlesbrough 004D,Burglary,Investigation complete; no suspect identified,
08bf09dc1eddb56354e696f54034d104c4194e490ca54940e55e6f11eb13c48f,2019-08,Cleveland Police,Cleveland Police,-1.190479,54.561463,On or near Cleveland View,E01012088,Middlesbrough 004E,Burglary,Court result unavailable,
acb962332f405d061fffa509e4779e6711d50250dbead6e89f5e13588a1316d0,2019-08,Cleveland Police,Cleveland Police,-1.192796,54.560049,On or near Hershall Drive,E01012088,Middlesbrough 004E,Burglary,Investigation complete; no suspect identified,
030dc18198aa556043ebe1583c26e34208503cc297c405c0ef520d17966a1080,2019-08,Cleveland Police,Cleveland Police,-1.241659,54.562702,On or near Supermarket,E01012078,Middlesbrough 005A,Burglary,Court result unavailable,
f8033c4f6f62a43ee8be40712d8be53dae5ddd02237b70eaab22fc49d7c15720,2019-08,Cleveland Police,Cleveland Police,-1.235603,54.558224,On or near Southwell Square,E01012079,Middlesbrough 005B,Burglary,Investigation complete; no suspect identified,
0061e596a0cc91e7c4c4a3d8996440b22a54ec49f18f1190634ea5e1ef6f9224,2019-08,Cleveland Police,Cleveland Police,-1.235603,54.558224,On or near Southwell Square,E01012079,Middlesbrough 005B,Burglary,Court result unavailable,
276a07980bd462122de13410add2c4e6373a3272eb5c6a6c7bb9a61a6af464de,2019-08,Cleveland Police,Cleveland Police,-1.234502,54.560015,On or near Southwell Road,E01012079,Middlesbrough 005B,Burglary,Investigation complete; no suspect identified,
69afa46ccc83183a5bf5dc92297e20f92719289ed7b7975e92c3b42023329931,2019-08,Cleveland Police,Cleveland Police,-1.248225,54.55886,On or near Roman Road,E01012081,Middlesbrough 005D,Burglary,Investigation complete; no suspect identified,
a39952201b5d62da843f0949e1ccb359e2487168f04977bf13d875bc0c9bddb4,2019-08,Cleveland Police,Cleveland Police,-1.227402,54.563411,On or near Sports/Recreation Area,E01012026,Middlesbrough 006A,Burglary,Investigation complete; no suspect identified,
5023db5b5deb6e9d8ce4ffef2edae8a4a4449c7f6805829dfce688c310cb0965,2019-08,Cleveland Police,Cleveland Police,-1.21564,54.566302,On or near Longlands Road,E01012026,Middlesbrough 006A,Burglary,Investigation complete; no suspect identified,
cfb7a8e444056ef94c4f37c7a08b4afebc69483b06694e8113ade1fc17332248,2019-08,Cleveland Police,Cleveland Police,-1.21564,54.566302,On or near Longlands Road,E01012026,Middlesbrough 006A,Burglary,Investigation complete; no suspect identified,
e07cef81846adfc14342c91987bf8ddfee6a30587240f78ed9d8daa277383fef,2019-08,Cleveland Police,Cleveland Police,-1.21564,54.566302,On or near Longlands Road,E01012026,Middlesbrough 006A,Burglary,Investigation complete; no suspect identified,
7769c3a845e4242250a54646ae9ea9f0ee13b7be09f99c1f672b8e6cde794a73,2019-08,Cleveland Police,Cleveland Police,-1.224913,54.558498,On or near Headingham Close,E01012027,Middlesbrough 006B,Burglary,Investigation complete; no suspect identified,
ed23e4ebf40f14f2db24cbf55dfd98eeab123ec76abf04e1357b4df1d5d881e8,2019-08,Cleveland Police,Cleveland Police,-1.223203,54.560608,On or near Supermarket,E01012027,Middlesbrough 006B,Burglary,Investigation complete; no suspect identified,
0b7acf9198f6fb544294c6a1bbaea6c59704494d6ae9f0a8dc95607cd9a1d007,2019-08,Cleveland Police,Cleveland Police,-1.228436,54.561081,On or near Eden Road,E01012027,Middlesbrough 006B,Burglary,Unable to prosecute suspect,
e53c8cae7bcbb562c7e51434a1df34073b9deab4c9cf85828cb2cd1a135f8cf1,2019-08,Cleveland Police,Cleveland Police,-1.225994,54.559376,On or near Lambton Road,E01012027,Middlesbrough 006B,Burglary,Investigation complete; no suspect identified,
eba102ca753c27584efe13336ce4183154b4d08e536cd1734bac6ad399c1b7cc,2019-08,Cleveland Police,Cleveland Police,-1.217573,54.559008,On or near Raines Court,E01012027,Middlesbrough 006B,Burglary,Investigation complete; no suspect identified,
aa3aa187a52792bbf1a5d0b7a07541e748abb57f3a50feca5b33c52cb81822fe,2019-08,Cleveland Police,Cleveland Police,-1.227786,54.559487,On or near Dene Road,E01012027,Middlesbrough 006B,Burglary,Investigation complete; no suspect identified,
273bf449b853e694fa8aa5f663a2e212252b789e161e6d26a53d52ebf8533468,2019-08,Cleveland Police,Cleveland Police,-1.230199,54.558585,On or near Urswick Close,E01033469,Middlesbrough 006E,Burglary,Investigation complete; no suspect identified,
a5fd19d1459cd51ef82e8e2941edcdbd1af80823d9739ed095ee89b327b11bf1,2019-08,Cleveland Police,Cleveland Police,-1.231537,54.559834,On or near Valley Road,E01033469,Middlesbrough 006E,Burglary,Unable to prosecute suspect,
573318493806744ffe23ecef3dd21b8679f0e418ba73e31d509dbf59c1868965,2019-08,Cleveland Police,Cleveland Police,-1.236654,54.557413,On or near Eastbourne Road,E01033469,Middlesbrough 006E,Burglary,Investigation complete; no suspect identified,
a82c98ccfd8cf119c6b78a5b595356e0ae927ebd45877a7a85ef5f053a498812,2019-08,Cleveland Police,Cleveland Police,-1.229325,54.557411,On or near Fairfield Road,E01033469,Middlesbrough 006E,Burglary,Investigation complete; no suspect identified,
3eb19f361ce63015e06eea70f70bf47b8c235295cc63714d670840c0d8c18f02,2019-08,Cleveland Police,Cleveland Police,-1.176206,54.55681,On or near Netherfields Crescent,E01012016,Middlesbrough 007B,Burglary,Investigation complete; no suspect identified,
e2fb4720ade9d58be2e2f248148843e1eb367002dc071de98f8340cb4d582de9,2019-08,Cleveland Police,Cleveland Police,-1.188331,54.559022,On or near Crestwood,E01012090,Middlesbrough 007E,Burglary,Investigation complete; no suspect identified,
67933803e21a56f1e08f10c96fa44c5c138fb261bfcdc7034ee7dbb4a8d662e2,2019-08,Cleveland Police,Cleveland Police,-1.181176,54.561112,On or near The Greenway,E01012091,Middlesbrough 007F,Burglary,Investigation complete; no suspect identified,
aab2067a473cc3449cbd96afe7c86fc1c9fb4d5640ea07f856c78afffe84331e,2019-08,Cleveland Police,Cleveland Police,-1.267352,54.552893,On or near Collinson Avenue,E01012011,Middlesbrough 008A,Burglary,Investigation complete; no suspect identified,
2d336e56b09472f0e88b8b95552a688e3008bd934f1032159f2e1bd9f2cc7ac5,2019-08,Cleveland Police,Cleveland Police,-1.263978,54.553044,On or near Sports/Recreation Area,E01012011,Middlesbrough 008A,Burglary,Unable to prosecute suspect,
33ba9bd2b1a9c96503bdb34a8cf3cd5e88456d54696f650fad437f0a63ea812a,2019-08,Cleveland Police,Cleveland Police,-1.276164,54.559893,On or near Teesside Park Drive,E01012011,Middlesbrough 008A,Burglary,Investigation complete; no suspect identified,
6e78d7d69b369f64eef3f502d1b7ae3cde54cb24294ea25cb4b9b22ab384ab90,2019-08,Cleveland Police,Cleveland Police,-1.250975,54.564881,On or near Clough Close,E01012056,Middlesbrough 009D,Burglary,Court result unavailable,
efe8bc75c86716c0a66e9aa0ee35559698309d649f44c3d3e9155e2e9972e463,2019-08,Cleveland Police,Cleveland Police,-1.250975,54.564881,On or near Clough Close,E01012056,Middlesbrough 009D,Burglary,Investigation complete; no suspect identified,
957885fd8ac7388a4265b4c00830e2454b676fa60d664c96cc103b2985dd93e0,2019-08,Cleveland Police,Cleveland Police,-1.247244,54.556706,On or near Roman Road,E01012057,Middlesbrough 009E,Burglary,Investigation complete; no suspect identified,
a57ffe80ab9c34cb1fbd629e22c04dd6a1d077293d798a6d172b72b7ae82e635,2019-08,Cleveland Police,Cleveland Police,-1.193198,54.550624,On or near Newlyn Green,E01012082,Middlesbrough 010A,Burglary,Investigation complete; no suspect identified,
a6e84beed62bbc3438eafa5c5638b510bb5f659e82a98d1e1872a23ae3395c85,2019-08,Cleveland Police,Cleveland Police,-1.197067,54.548844,On or near Southmead Avenue,E01012082,Middlesbrough 010A,Burglary,Investigation complete; no suspect identified,
3101e0be631857cef1ce63485b48968a13100063df1fb95074e388762863e257,2019-08,Cleveland Police,Cleveland Police,-1.197067,54.548844,On or near Southmead Avenue,E01012082,Middlesbrough 010A,Burglary,Investigation complete; no suspect identified,
0b22806593a5689e4bf2fbd4f5012837fc6c96ea8893a69313990aaefdba4c58,2019-08,Cleveland Police,Cleveland Police,-1.205732,54.557223,On or near Coledale Road,E01012083,Middlesbrough 010B,Burglary,Investigation complete; no suspect identified,
16ed7345d373c0733b487210817cb455f523c6c6ad589df364b52608accc858f,2019-08,Cleveland Police,Cleveland Police,-1.206073,54.556371,On or near Kelso Court,E01012083,Middlesbrough 010B,Burglary,Investigation complete; no suspect identified,
fab6b778ff4b922a007e936b5482badefe2e78f5aaedff77e78d0f8c5bb27b19,2019-08,Cleveland Police,Cleveland Police,-1.225485,54.556848,On or near Barnard Court,E01012018,Middlesbrough 011A,Burglary,Investigation complete; no suspect identified,
0f08b4cc2361709b6b23acfc67d18a26128412769e1f90730c8aad33204ee8c1,2019-08,Cleveland Police,Cleveland Police,-1.22974,54.549317,On or near Forber Road,E01012019,Middlesbrough 011B,Burglary,Investigation complete; no suspect identified,
152b4c49b20cb6c0a666659e14e153e3135e4b6871f1d4189e10702542a3fc09,2019-08,Cleveland Police,Cleveland Police,-1.227245,54.549633,On or near Fordon Place,E01012020,Middlesbrough 011C,Burglary,Investigation complete; no suspect identified,
ab61024d2292100f0794f3c44e0ca690491074ee7b33ea06521a210b754ca4e7,2019-08,Cleveland Police,Cleveland Police,-1.223287,54.551289,On or near Pemberton Crescent,E01012020,Middlesbrough 011C,Burglary,Investigation complete; no suspect identified,
078d911d6755a2d22a6eba2c44fd7931818d95830006a7b75f813d7398a0a564,2019-08,Cleveland Police,Cleveland Police,-1.226755,54.551005,On or near Rylstone Court,E01012020,Middlesbrough 011C,Burglary,Investigation complete; no suspect identified,
847a12bb4aacb4aad4d83340e11816116274b086c62f27264b4104c4c5974718,2019-08,Cleveland Police,Cleveland Police,-1.23028,54.546903,On or near Hoylake Road,E01012021,Middlesbrough 011D,Burglary,Unable to prosecute suspect,
def86171641626a5ba9cb9cee255a016b3564b5f4708eca4ae0154546c8bf2d9,2019-08,Cleveland Police,Cleveland Police,-1.23867,54.544664,On or near Muston Close,E01012007,Middlesbrough 012A,Burglary,Investigation complete; no suspect identified,
9c5dbd43363eaa17f475d0ece8ee73e00ac2841baa22033a4eea05ff963ee8ad,2019-08,Cleveland Police,Cleveland Police,-1.256044,54.548942,On or near Buttermere Avenue,E01012009,Middlesbrough 012C,Burglary,Investigation complete; no suspect identified,
5a58b34e55f114178fef5a29af4164bb0ae47a613678c1dfd82cd0712a74f255,2019-08,Cleveland Police,Cleveland Police,-1.2598,54.549846,On or near Sports/Recreation Area,E01012009,Middlesbrough 012C,Burglary,Investigation complete; no suspect identified,
36ed50aafda68f52a00d317891d644b191a14e73d73629a825db6e363b99c6b3,2019-08,Cleveland Police,Cleveland Police,-1.268299,54.546617,On or near Asterley Drive,E01012047,Middlesbrough 013B,Burglary,Unable to prosecute suspect,
a28d8700120f049f8747bd0ce02e79512a9324e33d2ecd8a480d896316406c32,2019-08,Cleveland Police,Cleveland Police,-1.2608,54.532138,On or near Bank Sands,E01012022,Middlesbrough 015A,Burglary,Investigation complete; no suspect identified,
565082a45d4fead4f3f7fd13352ed39c05fc1dd7ec7d529deca3dfccd3ea3a22,2019-08,Cleveland Police,Cleveland Police,-1.257476,54.535668,On or near Hallgarth Close,E01012025,Middlesbrough 015D,Burglary,Investigation complete; no suspect identified,
864a540eb6fd8289392d3f0518db9a9ead0b22d0440cc91d8c8e5b72b9fb2325,2019-08,Cleveland Police,Cleveland Police,-1.247815,54.525668,On or near Nairnhead Close,E01012042,Middlesbrough 018A,Burglary,Investigation complete; no suspect identified,
bed518b0fe6f45e84dddd2699f7412764d9a53dee87317c85e81652c010befd2,2019-08,Cleveland Police,Cleveland Police,-1.230652,54.52468,On or near Aviemore Road,E01012043,Middlesbrough 018B,Burglary,Investigation complete; no suspect identified,
9478a9a6d172cc6a8e61949f0a996d5706291cecc2ace3411f6a9adda11c2309,2019-08,Cleveland Police,Cleveland Police,-1.243363,54.52157,On or near Dallas Court,E01012044,Middlesbrough 018C,Burglary,Investigation complete; no suspect identified,
31f653ed342f1162ec326e8f01caff444b3da26650c11489410951eb58855356,2019-08,Cleveland Police,Cleveland Police,-1.243363,54.52157,On or near Dallas Court,E01012044,Middlesbrough 018C,Burglary,Investigation complete; no suspect identified,
63000dc37fc0b968003f0f69e4d21d25ad13235373b014b0d2317c34f253d680,2019-08,Cleveland Police,Cleveland Police,-1.240915,54.524439,On or near Cresswell Close,E01012044,Middlesbrough 018C,Burglary,Investigation complete; no suspect identified,
ec231281e01248b17802fed4649f7d7616a1d02dd6d2209b6de9e433067766a3,2019-08,Cleveland Police,Cleveland Police,-1.243363,54.52157,On or near Dallas Court,E01012044,Middlesbrough 018C,Burglary,Investigation complete; no suspect identified,
ad323435e94ed151f80e4bc6d8f4639617b66c3a9b57d18246eb2519125b74ff,2019-08,Cleveland Police,Cleveland Police,-1.238836,54.524902,On or near Cramlington Close,E01012044,Middlesbrough 018C,Burglary,Investigation complete; no suspect identified,
feff95a2cd793296efead45179cf8c4ad1b45adc7c1f965e1b8d4ada774c5705,2019-08,Cleveland Police,Cleveland Police,-1.239894,54.522042,On or near Darwen Court,E01012045,Middlesbrough 018D,Burglary,Investigation complete; no suspect identified,
eee9a0d4828948b343b2b11790ffe55999364db400016acccc8c047eaff9b150,2019-08,Cleveland Police,Cleveland Police,-1.240062,54.519653,On or near Ellis Gardens,E01012045,Middlesbrough 018D,Burglary,Investigation complete; no suspect identified,
c29d03c1e0a282d264534b50546e3fc0bcd8ae532a5f993bd33896330b8d1f77,2019-08,Cleveland Police,Cleveland Police,-1.248094,54.520548,On or near Coverdale,E01032552,Middlesbrough 018G,Burglary,Investigation complete; no suspect identified,
40d6330c152b4791cc283981a27c58017d14d294c83d63c6f53f0cecbe9699ab,2019-08,Cleveland Police,Cleveland Police,-1.262166,54.522369,On or near Strait Lane,E01032553,Middlesbrough 018H,Burglary,Investigation complete; no suspect identified,
19275356ae40f62cabb15b05e3896974eec58a083c7580def1dba9d184052b2b,2019-08,Cleveland Police,Cleveland Police,-1.225017,54.527699,On or near Parking Area,E01012031,Middlesbrough 019B,Burglary,Investigation complete; no suspect identified,
d85ef1f4cbb46d884379203fe6692e21af16b13307535775a59e801fcad958d0,2019-08,Cleveland Police,Cleveland Police,-1.224621,54.527373,On or near Hollowfield,E01012031,Middlesbrough 019B,Burglary,Investigation complete; no suspect identified,
c1f1b83ae3879e1583debd519f347c98ff6a421a5d1a5bd57877fac5afc329a0,2019-08,Cleveland Police,Cleveland Police,-1.213429,54.528443,On or near West Beck Way,E01012035,Middlesbrough 019F,Burglary,Investigation complete; no suspect identified,
20664afcf9cfbd7d767f30d84e1ba9503a4d042b041d8a1c4afe49e11b774b8c,2019-08,Cleveland Police,Cleveland Police,-1.198573,54.530376,On or near Marton Shops,E01012063,Middlesbrough 020B,Burglary,Investigation complete; no suspect identified,
2f733e341b8be0f3c1161fed747c210d65055d99f7afdcc7c0c76d898ed8eb7c,2019-08,Cleveland Police,Cleveland Police,-1.196944,54.54017,On or near The Grove,E01012064,Middlesbrough 020C,Burglary,Unable to prosecute suspect,
8061018cd34870c20d1e7731f467fe74666a902dc00315f53433e63c20dd8635,2019-08,Cleveland Police,Cleveland Police,-1.196944,54.54017,On or near The Grove,E01012064,Middlesbrough 020C,Burglary,Investigation complete; no suspect identified,
9be9ceeb7391d557106c81f619d0a0645d7a8406901f536bfd81e36de2943f17,2019-08,Cleveland Police,Cleveland Police,-1.188314,54.525634,On or near Leckfell Close,E01012071,Middlesbrough 020D,Burglary,Investigation complete; no suspect identified,
914eb7ebcfb8127c89a22809ddc376f129c981988086c5cb5d865c208c3791a8,2019-08,Cleveland Police,Cleveland Police,-1.067044,54.617535,On or near Shopping Area,E01012100,Redcar and Cleveland 001A,Burglary,Unable to prosecute suspect,
98396019cf64aa51d880d6b381c7e3c0989f06335fe80206304f9fe6ebd71bcc,2019-08,Cleveland Police,Cleveland Police,-1.070769,54.617159,On or near Parking Area,E01012100,Redcar and Cleveland 001A,Burglary,Investigation complete; no suspect identified,
4eeea71f8bcd7bb64dc4c0b0a1ef64510a48ee55066a777f9c0e70e0a4f2f60f,2019-08,Cleveland Police,Cleveland Police,-1.06474,54.618712,On or near Bath Street,E01012100,Redcar and Cleveland 001A,Burglary,Court result unavailable,
1402ac9c0362f6c2533fe192d626a49008ff10923b1133d37800957602d7d4b1,2019-08,Cleveland Police,Cleveland Police,-1.080242,54.619397,On or near Majuba Road,E01012100,Redcar and Cleveland 001A,Burglary,Court result unavailable,
cd3b2e98db0e1b6c558d7c4516cf6e8d4852e64f9365ca6d4854af35d0866181,2019-08,Cleveland Police,Cleveland Police,-1.087085,54.617418,On or near Marina Avenue,E01012101,Redcar and Cleveland 001B,Burglary,Investigation complete; no suspect identified,
8b93dc10bc1e72fecb4d7195375b666ebea3f2911cf7d738752ce0f71e64ec45,2019-08,Cleveland Police,Cleveland Police,-1.061138,54.617795,On or near Graffenberg Street,E01012102,Redcar and Cleveland 001C,Burglary,Investigation complete; no suspect identified,
68ab60666462ae314c7da51e41789b8bafebbbb5ccf0831d2090d12635dc6ed7,2019-08,Cleveland Police,Cleveland Police,-1.08841,54.593459,On or near Vienna Court,E01032560,Redcar and Cleveland 003E,Burglary,Investigation complete; no suspect identified,
ec30c209bdda0061d8da1d16bf569374cdeccf820d4e3d6f389b6859ca3f7f74,2019-08,Cleveland Police,Cleveland Police,-1.084123,54.60245,On or near Kirkleatham Lane,E01032560,Redcar and Cleveland 003E,Burglary,Investigation complete; no suspect identified,
195d166fc711f104c430a1cea923591637e9cfe34c11eab4fa10735009bba9a0,2019-08,Cleveland Police,Cleveland Police,-1.08841,54.593459,On or near Vienna Court,E01032560,Redcar and Cleveland 003E,Burglary,Investigation complete; no suspect identified,
55dc2f96346a53ae04cc325474e2095d014212c132f3b0f1e6cdc9d928cf87df,2019-08,Cleveland Police,Cleveland Police,-1.101445,54.605249,On or near Britannia Place,E01032561,Redcar and Cleveland 003F,Burglary,Unable to prosecute suspect,
a9e9af1507b0b646254c41315046c2eb480c074db69193faec3e9bdec9679368,2019-08,Cleveland Police,Cleveland Police,-1.097946,54.60667,On or near Maxwell Place,E01032561,Redcar and Cleveland 003F,Burglary,Investigation complete; no suspect identified,
1124b452d43a5b9b40deb012e2a44a151d0a19c7f7675cfcb6023f572b563f37,2019-08,Cleveland Police,Cleveland Police,-1.048953,54.605055,On or near Alnwick Close,E01012176,Redcar and Cleveland 004A,Burglary,Investigation complete; no suspect identified,
2e43af05cb2444ed0d63effa65b600dd35c739d67b6d25f97947ed4ae4fa505c,2019-08,Cleveland Police,Cleveland Police,-1.057926,54.606644,On or near Conway Road,E01012176,Redcar and Cleveland 004A,Burglary,Investigation complete; no suspect identified,
d96c4309b786fed7a98e80a38d28bde68540e75a9bc43b01c896704077f0ae2b,2019-08,Cleveland Police,Cleveland Police,-1.049425,54.604061,On or near Kilton Close,E01012176,Redcar and Cleveland 004A,Burglary,Investigation complete; no suspect identified,
09987bc9b3af37a34729843dcf4da3c64fb5a3553a7011a6ff0d12d47fbfc06f,2019-08,Cleveland Police,Cleveland Police,-1.048414,54.603595,On or near Middleham Way,E01012177,Redcar and Cleveland 004B,Burglary,Investigation complete; no suspect identified,
37fa33c1d9b2695005f015b717488e5ae0164681484fccea71c5329f6427b01c,2019-08,Cleveland Police,Cleveland Police,-1.045897,54.598012,On or near Hythe Close,E01012177,Redcar and Cleveland 004B,Burglary,Investigation complete; no suspect identified,
87563de33b41d5daf4f162e8e18f68c96b61a4e4b88618847b9bdaa84a030544,2019-08,Cleveland Police,Cleveland Police,-1.05076,54.598571,On or near Tern Grove,E01012180,Redcar and Cleveland 004E,Burglary,Investigation complete; no suspect identified,
03ef2be2c88e674f13143d5b7e7638c03716631ac212f7c35552e0ca4d72857a,2019-08,Cleveland Police,Cleveland Police,-1.040888,54.605,On or near Green Lane,E01012185,Redcar and Cleveland 004F,Burglary,Investigation complete; no suspect identified,
6466b9a26793e933bffa277a581379bec54390e2fe3b2bd643217051e6c7941a,2019-08,Cleveland Police,Cleveland Police,-1.070385,54.594589,On or near Grosmont Close,E01012128,Redcar and Cleveland 005B,Burglary,Investigation complete; no suspect identified,
64a11d1133c6b073f61dea0509fdf4ac580c681cd15c447aad99f0540ce5ebd1,2019-08,Cleveland Police,Cleveland Police,-1.077524,54.598535,On or near Sports/Recreation Area,E01012129,Redcar and Cleveland 005C,Burglary,Investigation complete; no suspect identified,
7f3712bcce495e9bc8a9e0a9e3261e1668d08b3c6f1eaab87c8b3ee2c873e798,2019-08,Cleveland Police,Cleveland Police,-1.064579,54.596702,On or near Woodside,E01012130,Redcar and Cleveland 005D,Burglary,Investigation complete; no suspect identified,
e5dc275373d30eae092faaebd6809e6c3050834e5aeb764e3d92329a5b1ccb21,2019-08,Cleveland Police,Cleveland Police,-1.06674,54.59289,On or near Fulmerton Crescent,E01012130,Redcar and Cleveland 005D,Burglary,Unable to prosecute suspect,
5e2f09968ad74219bd671229f1bfb869be16de8bde3937e8d8ab9656930edf52,2019-08,Cleveland Police,Cleveland Police,-1.075412,54.597477,On or near Keilder Close,E01012131,Redcar and Cleveland 005E,Burglary,Investigation complete; no suspect identified,
5b0e02005fa970fbee36624bc68ee756d487e8ce7b36de6c00190c30b0cff441,2019-08,Cleveland Police,Cleveland Police,-1.022283,54.593869,On or near Blenheim Close,E01012141,Redcar and Cleveland 006D,Burglary,Investigation complete; no suspect identified,
4a54a8c88938b9235adabfafeb878ca64560f6482cad446e4d34968b5033038a,2019-08,Cleveland Police,Cleveland Police,-1.011339,54.588864,On or near Dale Garth,E01012156,Redcar and Cleveland 006G,Burglary,Investigation complete; no suspect identified,
012c55ff97d8cbc48b0a8de8034773e5b013f48e53ba5a726fb4767a7ad50e68,2019-08,Cleveland Police,Cleveland Police,-0.978141,54.574146,On or near The Ridge,E01012158,Redcar and Cleveland 007A,Burglary,Court result unavailable,
86cdf50796fb3ccd6a46929ed3f0398200795f93b01c5cdd2c1398ff224fd206,2019-08,Cleveland Police,Cleveland Police,-0.991892,54.579222,On or near Chestnut Close,E01012158,Redcar and Cleveland 007A,Burglary,Investigation complete; no suspect identified,
02d120671ef8cc3726f0b12374557e4ec0fe6334c9f3bcba3f3cf797368ad304,2019-08,Cleveland Police,Cleveland Police,-0.976232,54.575622,On or near Victoria Road,E01012158,Redcar and Cleveland 007A,Burglary,Court result unavailable,
bf1d1aa363f4b79a6c3894aca88b6a09dda07ab69d38b095ae7c4a5330f6dffc,2019-08,Cleveland Police,Cleveland Police,-0.979345,54.577374,On or near Marske Mill Lane,E01012158,Redcar and Cleveland 007A,Burglary,Investigation complete; no suspect identified,
6e45717e43bf5e8c1afd710c1be6f50033524f333dc44f779ef9d0a0ad4d56a9,2019-08,Cleveland Police,Cleveland Police,-0.976482,54.58356,On or near Parking Area,E01012159,Redcar and Cleveland 007B,Burglary,Court result unavailable,
ecedaa278525f0b9f866a8839dadae2ff235a150aaaf39aa857205f851a23cb7,2019-08,Cleveland Police,Cleveland Police,-0.974086,54.585948,On or near Marine Parade,E01012159,Redcar and Cleveland 007B,Burglary,Investigation complete; no suspect identified,
1209253f801d95f66007905871cebbe0a8bd4c3bf99f2a59154d1f17c4af208c,2019-08,Cleveland Police,Cleveland Police,-0.979545,54.583603,On or near Milton Street,E01012160,Redcar and Cleveland 007C,Burglary,Investigation complete; no suspect identified,
256a870df04e6975bc7fd27ac7b6e87c49b9bbb0bd27ab78a98db409cb8e5f37,2019-08,Cleveland Police,Cleveland Police,-0.969306,54.585871,On or near Parking Area,E01012161,Redcar and Cleveland 007D,Burglary,Investigation complete; no suspect identified,
635c1c00a8f7e5cd5215a9704c979b33d9a2b7e6e46785a1527e98ddbe03a13f,2019-08,Cleveland Police,Cleveland Police,-0.964767,54.583649,On or near Saltburn Road,E01012161,Redcar and Cleveland 007D,Burglary,Investigation complete; no suspect identified,
55cfe8a32d80e977954f643b5c1d2c379d88a924d0bb0488297cfa8e6dbca232,2019-08,Cleveland Police,Cleveland Police,-0.973922,54.583205,On or near Station Square,E01012161,Redcar and Cleveland 007D,Burglary,Investigation complete; no suspect identified,
d726516d57cc2b225b330ca7bf9c584acde77bff0e6777418c48575def183b7e,2019-08,Cleveland Police,Cleveland Police,-0.964767,54.583649,On or near Saltburn Road,E01012161,Redcar and Cleveland 007D,Burglary,Investigation complete; no suspect identified,
71b823aa65a66e790faa234c3b971da654efe0e0883400c2df776c5ed5bfc130,2019-08,Cleveland Police,Cleveland Police,-1.139047,54.570122,On or near Buttermere Road,E01012113,Redcar and Cleveland 009A,Burglary,Investigation complete; no suspect identified,
23c2932ffb4b0cf3d1db55deb1ac5d5b169152f816f880a6f7d675990c382b44,2019-08,Cleveland Police,Cleveland Police,-1.139047,54.570122,On or near Buttermere Road,E01012113,Redcar and Cleveland 009A,Burglary,Unable to prosecute suspect,
dcb6da477296eac14d13a1188c7c27267774f1bf9c06e65e8e20b39dd1147a75,2019-08,Cleveland Police,Cleveland Police,-1.14902,54.579206,On or near Lee Road,E01012114,Redcar and Cleveland 009B,Burglary,Investigation complete; no suspect identified,
4459bfdb7dabd0248ef9a0da184323c5193d2a29930f55e809242bcdfe2d8698,2019-08,Cleveland Police,Cleveland Police,-1.149842,54.579122,On or near Pochin Road,E01012114,Redcar and Cleveland 009B,Burglary,Investigation complete; no suspect identified,
af68745d8bbc1e3e3d170612a412339ca76f3332cc21e2398ff0ab5ae7cef77d,2019-08,Cleveland Police,Cleveland Police,-1.146169,54.579429,On or near Eastcroft Road,E01012114,Redcar and Cleveland 009B,Burglary,Court result unavailable,
e0d1800713b0553878f4f129d6d4396d187b2b0255340ec2efc1e387bfda54cc,2019-08,Cleveland Police,Cleveland Police,-1.145959,54.578358,On or near Eversham Road,E01012114,Redcar and Cleveland 009B,Burglary,Investigation complete; no suspect identified,
99c4361dfede6ad13509967c6676a75f00f2579eb4d519a20b5a75545e0cf6a1,2019-08,Cleveland Police,Cleveland Police,-1.146169,54.579429,On or near Eastcroft Road,E01012114,Redcar and Cleveland 009B,Burglary,Investigation complete; no suspect identified,
3a010f2f82ce54d74031f3ea7a86d4414c1c7a3b8fd8e0a6d1b90cc8465bd466,2019-08,Cleveland Police,Cleveland Police,-1.14311,54.577008,On or near Saint David'S Road,E01012114,Redcar and Cleveland 009B,Burglary,Investigation complete; no suspect identified,
3f4acf014e917715d0b0338037bffe0c4fd3282d259a411190330403d0cc24fb,2019-08,Cleveland Police,Cleveland Police,-1.147628,54.567334,On or near Harlech Close,E01012175,Redcar and Cleveland 009E,Burglary,Investigation complete; no suspect identified,
777bba288f290f2ded31405e2fd2f0819f5cd1da4ce9a7bf3a8cdaca9926e01d,2019-08,Cleveland Police,Cleveland Police,-1.149977,54.568923,On or near Caldicot Close,E01012175,Redcar and Cleveland 009E,Burglary,Investigation complete; no suspect identified,
118acbc7e4f52e18f7c7f158aaa8bbeb1e36c141e9736a3e2e91b0d4eb607c0a,2019-08,Cleveland Police,Cleveland Police,-1.149977,54.568923,On or near Caldicot Close,E01012175,Redcar and Cleveland 009E,Burglary,Investigation complete; no suspect identified,
eb086708707f3b6c583a1a134cfe9aebfb0fad11cb33f102fcdde8afe5ffd24c,2019-08,Cleveland Police,Cleveland Police,-1.144592,54.569757,On or near Griffiths Road,E01033471,Redcar and Cleveland 009F,Burglary,Investigation complete; no suspect identified,
1811c63695c281f339796cd37f9a6750248a2df7d695e22a6ef41b7c6e425434,2019-08,Cleveland Police,Cleveland Police,-1.154782,54.57815,On or near West Lane,E01033471,Redcar and Cleveland 009F,Burglary,Investigation complete; no suspect identified,
f1bb92f0ee654c2aad135ee9d14a61ccd790644f97329f211c7c879840a77b5b,2019-08,Cleveland Police,Cleveland Police,-1.144592,54.569757,On or near Griffiths Road,E01033471,Redcar and Cleveland 009F,Burglary,Investigation complete; no suspect identified,
6ad4cad5673bf098c7a42088f5adc6d0a056d740963c0871810a323da0068da8,2019-08,Cleveland Police,Cleveland Police,-0.939799,54.5673,On or near Hutchinson Street,E01012099,Redcar and Cleveland 010D,Burglary,Investigation complete; no suspect identified,
0eb557c4dc5e8616f840596ddb1f1722f0e33fb7a4be9528f8bf38f2eb33243c,2019-08,Cleveland Police,Cleveland Police,-1.134814,54.559667,On or near Stonegate,E01012109,Redcar and Cleveland 011B,Burglary,Investigation complete; no suspect identified,
cf2651bd152f94cde8c26a0edfa4e3c7475cca60c3ed7cc4388ab55dd5743d4d,2019-08,Cleveland Police,Cleveland Police,-1.116583,54.570328,On or near Queen Street,E01012109,Redcar and Cleveland 011B,Burglary,Status update unavailable,
e581adfaf129f5f59308f3b8f876d24ae557e8fea819c94bc2857ff45a88387f,2019-08,Cleveland Police,Cleveland Police,-1.14067,54.559151,On or near Guisborough Court,E01012110,Redcar and Cleveland 011C,Burglary,Court result unavailable,
d1942ab57e663a0e0517af6af36bb18e96b82195de563d0ea567211fa2989a6e,2019-08,Cleveland Police,Cleveland Police,-1.141471,54.558573,On or near Curson Street,E01012110,Redcar and Cleveland 011C,Burglary,Investigation complete; no suspect identified,
b8bb95710a386ec37e824235fed19e7302fd318d9f90201e508b99ffbcc889bf,2019-08,Cleveland Police,Cleveland Police,-1.143767,54.556001,On or near Yearby Close,E01012111,Redcar and Cleveland 011D,Burglary,Investigation complete; no suspect identified,
28ee11fd4fbb46db8c94963c9bc82035c52b38ef8a9cb666eaa0fc1fbb784b52,2019-08,Cleveland Police,Cleveland Police,-0.964698,54.563768,On or near Watness Avenue,E01012163,Redcar and Cleveland 012B,Burglary,Investigation complete; no suspect identified,
e02cdeccf0b85e095c25f54e85e13df5c5f21c9f1ca8b37f77cd43e94e36850f,2019-08,Cleveland Police,Cleveland Police,-0.989992,54.556558,On or near Back Lane,E01012164,Redcar and Cleveland 012C,Burglary,Investigation complete; no suspect identified,
76911f92073164080f1fc3560dddfe74ea2e3e2e73bc63b8610509226c060f1f,2019-08,Cleveland Police,Cleveland Police,-0.967436,54.5607,On or near Jervaulx Road,E01012165,Redcar and Cleveland 012D,Burglary,Investigation complete; no suspect identified,
0e8915c7d90bb80e869c81c414718bf502457bf142eee05c2cd35510f4451d16,2019-08,Cleveland Police,Cleveland Police,-0.964933,54.561191,On or near Fountains Court,E01012165,Redcar and Cleveland 012D,Burglary,Investigation complete; no suspect identified,
60796a209d77ac4d33c4c92a091cfce04f331a2eada32bcd22d28e817b77b2e8,2019-08,Cleveland Police,Cleveland Police,-0.908756,54.563286,On or near Queen Street,E01012096,Redcar and Cleveland 013A,Burglary,Investigation complete; no suspect identified,
e5859e86e30042367daba242ef68f428acd6941e8696ef1201412ae578e3c7aa,2019-08,Cleveland Police,Cleveland Police,-0.909383,54.563552,On or near Coronation Street,E01012096,Redcar and Cleveland 013A,Burglary,Investigation complete; no suspect identified,
c71cc2d05f35898be5e3ff9092a813ed048eb320b112c0bebfefc323dfa7defe,2019-08,Cleveland Police,Cleveland Police,-0.890813,54.553704,On or near Liverton Road,E01012136,Redcar and Cleveland 013D,Burglary,Court result unavailable,
e3dfb7225e0d4a17dff17591a27c4e05f399390eee74d1e2df14918f1176b167,2019-08,Cleveland Police,Cleveland Police,-0.890813,54.553704,On or near Liverton Road,E01012136,Redcar and Cleveland 013D,Burglary,Investigation complete; no suspect identified,
59ccb5b02a9010efd9c47aa506789b5668102b797d0def03b4f48ee24a7aff31,2019-08,Cleveland Police,Cleveland Police,-1.146055,54.554516,On or near Bankfields Road,E01012112,Redcar and Cleveland 015A,Burglary,Investigation complete; no suspect identified,
60ee0f16d646231874ca6bd67749aaffc8a755732cade1838c489a6ae5def16b,2019-08,Cleveland Police,Cleveland Police,-1.143155,54.554172,On or near Moorcock Close,E01012112,Redcar and Cleveland 015A,Burglary,Investigation complete; no suspect identified,
25efc0f170cfc752e76e6cf243707dff059bb5ca351a7ea192bcac9ed7dd608d,2019-08,Cleveland Police,Cleveland Police,-1.148761,54.552288,On or near Heatherfields Road,E01012112,Redcar and Cleveland 015A,Burglary,Investigation complete; no suspect identified,
d3a46bbe36e2246845cb4eee66c7e4d8b592984353865c5f1b73e1af7eb02286,2019-08,Cleveland Police,Cleveland Police,-1.154869,54.555971,On or near Patten Street,E01012145,Redcar and Cleveland 015B,Burglary,Unable to prosecute suspect,
62a69f786101c207092b380241517e82916f7242428b96e68a9ee92ecf3d87dd,2019-08,Cleveland Police,Cleveland Police,-1.151343,54.550778,On or near Oaklands Road,E01012147,Redcar and Cleveland 015C,Burglary,Investigation complete; no suspect identified,
2ce3b360451b4c705d2307c7336733bed2cc6bf4269927107943764b9a09de04,2019-08,Cleveland Police,Cleveland Police,-1.154401,54.547969,On or near Woking Close,E01012147,Redcar and Cleveland 015C,Burglary,Investigation complete; no suspect identified,
050a8692baa0a6ae1c0ffdac6a07f991f5d2cd4bfcdf636e9904220dd16d0611,2019-08,Cleveland Police,Cleveland Police,-1.151343,54.550778,On or near Oaklands Road,E01012147,Redcar and Cleveland 015C,Burglary,Investigation complete; no suspect identified,
4a7c69ff166c981c62a7e93b22e824738e57721556ae2902cc2f31df93f13c72,2019-08,Cleveland Police,Cleveland Police,-1.151343,54.550778,On or near Oaklands Road,E01012147,Redcar and Cleveland 015C,Burglary,Investigation complete; no suspect identified,
cf313373f1052d8b1283b15d1574814e1b6349cf3133a631664ab8a4c9981957,2019-08,Cleveland Police,Cleveland Police,-0.885899,54.563248,On or near Hummersea Lane,E01012134,Redcar and Cleveland 016B,Burglary,Investigation complete; no suspect identified,
8981fd0c8ae26fb6acaff3612633ab1d7d1ddb5e3c59179d8226f6b617f7f49f,2019-08,Cleveland Police,Cleveland Police,-0.875246,54.553003,On or near Tees Street,E01012137,Redcar and Cleveland 016C,Burglary,Investigation complete; no suspect identified,
1d406f08182f935bf6b51bedfd8f5d056f351542c9f0c3fc38604ba825efe5c0,2019-08,Cleveland Police,Cleveland Police,-1.052378,54.534847,On or near Chaloner Street,E01012117,Redcar and Cleveland 018A,Burglary,Investigation complete; no suspect identified,
81c7cd14be6c7105c7285695441d321c4dfb52a441c176a9b40810875dca01ad,2019-08,Cleveland Police,Cleveland Police,-1.051073,54.536481,On or near Patten Lane,E01012117,Redcar and Cleveland 018A,Burglary,Unable to prosecute suspect,
e787f2c1a7cb40cab00a2fed105dcd662b5e9ca92bcd95db51bfd83b154e3f0c,2019-08,Cleveland Police,Cleveland Police,-1.055087,54.537995,On or near Bolckow Street,E01012117,Redcar and Cleveland 018A,Burglary,Investigation complete; no suspect identified,
1c79f84d70750d2e49452245b23a74bb600285a3a6bc6528eebe2b9628122380,2019-08,Cleveland Police,Cleveland Police,-1.05361,54.539718,On or near De Brus Way,E01012119,Redcar and Cleveland 018C,Burglary,Investigation complete; no suspect identified,
20012b03b2af1f93111d0b205553f06d7570744bd0ad71976af6baf88ff57bdd,2019-08,Cleveland Police,Cleveland Police,-1.061942,54.534957,On or near Park Lane,E01012119,Redcar and Cleveland 018C,Burglary,Investigation complete; no suspect identified,
838ac6b8ff56f85a2bae39a402651e351ef3c5a56ca1c73e73873d387166d950,2019-08,Cleveland Police,Cleveland Police,-1.06907,54.533466,On or near Petrol Station,E01032549,Redcar and Cleveland 019F,Burglary,Investigation complete; no suspect identified,
b347aa473695b9ea6e55b75c6cc3ee698620524457d11452a726c2ac1d778f19,2019-08,Cleveland Police,Cleveland Police,-1.049885,54.536373,On or near Church Street,E01012120,Redcar and Cleveland 020A,Burglary,Investigation complete; no suspect identified,
43a7ae051e57e20efc2c3022a767804273d6c139229cb29387e743e21ee247db,2019-08,Cleveland Police,Cleveland Police,-1.052575,54.533707,On or near Parking Area,E01012120,Redcar and Cleveland 020A,Burglary,Investigation complete; no suspect identified,
9ceb82abcf4d5010dadcc392a6fda49e4a710f72a9153fe20616f4a6a0e8241a,2019-08,Cleveland Police,Cleveland Police,-1.038417,54.535725,On or near Whitby Road,E01012120,Redcar and Cleveland 020A,Burglary,Unable to prosecute suspect,
d671e160ec814a80973403717f1aefbef7f05d04f069928ce76e5a826ff8d7c0,2019-08,Cleveland Police,Cleveland Police,-1.021792,54.567874,On or near Quarry Bank Road,E01012120,Redcar and Cleveland 020A,Burglary,Investigation complete; no suspect identified,
f765cc79cc35836477304fc54e374f61a89c5520a20e137290b119d2e5a333d9,2019-08,Cleveland Police,Cleveland Police,-1.169446,54.528032,On or near Parking Area,E01032594,Redcar and Cleveland 021E,Burglary,Investigation complete; no suspect identified,
52b013dbe7695fa47600d23dd6a2cfaf31f6351a731dfc59bb1e3f5560d8531d,2019-08,Cleveland Police,Cleveland Police,-1.172398,54.532555,On or near Gypsy Lane,E01032594,Redcar and Cleveland 021E,Burglary,Court result unavailable,
d45aa41c9769158154524d137bb87b3e5e5ed78606806375c67b679cbed994f4,2019-08,Cleveland Police,Cleveland Police,-1.160783,54.55488,On or near Crathorne Park,E01012146,Redcar and Cleveland 022A,Burglary,Investigation complete; no suspect identified,
ee728827efad769417e3a7c45208ffd4c98845847c99da4c92961e0448531d46,2019-08,Cleveland Police,Cleveland Police,-1.182368,54.571896,On or near Wallis Road,E01012167,Redcar and Cleveland 022B,Burglary,Investigation complete; no suspect identified,
942e4450d72c4760401b44a588db93b51ef6de3b0ad1ddcf53e7b1d037677aee,2019-08,Cleveland Police,Cleveland Police,-1.167454,54.56367,On or near Roxburgh Close,E01012167,Redcar and Cleveland 022B,Burglary,Investigation complete; no suspect identified,
539e900be4febfa92b640989ac44544d0bec4e4d3ab9f619ebf72ba7c19243ff,2019-08,Cleveland Police,Cleveland Police,-1.158192,54.563579,On or near Shaftesbury Road,E01012168,Redcar and Cleveland 022C,Burglary,Investigation complete; no suspect identified,
7d2f36fcff2cd9b694309319c736d1aaffb7bedc930d979e10ae56ad109edbb3,2019-08,Cleveland Police,Cleveland Police,-1.163901,54.564958,On or near The Avenue,E01012168,Redcar and Cleveland 022C,Burglary,Investigation complete; no suspect identified,
7d2a432f193f54b24d2363b8dc0083c56e9282c88ce7d64ece3061a068a6f795,2019-08,Cleveland Police,Cleveland Police,-1.160164,54.566945,On or near Sports/Recreation Area,E01012168,Redcar and Cleveland 022C,Burglary,Investigation complete; no suspect identified,
ea99bca2378dff191bd7b4bf7d96088844ed526d3083037d0b1fede6b57c2f6f,2019-08,Cleveland Police,Cleveland Police,-1.167749,54.575751,On or near Lawson Close,E01012170,Redcar and Cleveland 022D,Burglary,Investigation complete; no suspect identified,
6881e64a34900836ce97aeaa1bcd0f33118b62ebff0e99409ffe17846456a6ec,2019-08,Cleveland Police,Cleveland Police,-1.151508,54.56,On or near Fountains Crescent,E01012173,Redcar and Cleveland 022E,Burglary,Investigation complete; no suspect identified,
3bb31f8afe46030656864a76b828168d15352267c639dd49979a30ecbfa57e34,2019-08,Cleveland Police,Cleveland Police,-1.151508,54.56,On or near Fountains Crescent,E01012173,Redcar and Cleveland 022E,Burglary,Investigation complete; no suspect identified,
30d1c30099a16854855180eb89225d975a3a9a426ebc059f5c5ca2c6bcc38c7b,2019-08,Cleveland Police,Cleveland Police,-1.155916,54.557704,On or near Supermarket,E01012173,Redcar and Cleveland 022E,Burglary,Court result unavailable,
e75e448ed07f3425c42cfa716b315eea453be29df09d9e55c532506caa5adec6,2019-08,Cleveland Police,Cleveland Police,-1.155916,54.557704,On or near Supermarket,E01012173,Redcar and Cleveland 022E,Burglary,Unable to prosecute suspect,
f619af8a7695ce3059ab05418234ae67a6b9a94dae7308bb74a5d4bd20a80c1f,2019-08,Cleveland Police,Cleveland Police,-1.163789,54.562135,On or near Lime Road,E01012174,Redcar and Cleveland 022F,Burglary,Investigation complete; no suspect identified,
cda76c3ff77e75470f130fde1a122770feef05e7d4101f0a9f9c8b0fb6111936,2019-08,Cleveland Police,Cleveland Police,-1.179308,54.577897,On or near Alan Street,E01033470,Redcar and Cleveland 022G,Burglary,Investigation complete; no suspect identified,
3d8be595bb59a6841d24b8426a7dfa0d986eca26934c4d8390f6ece330425733,2019-08,Cleveland Police,Cleveland Police,-1.175114,54.577194,On or near Oliver Street,E01033470,Redcar and Cleveland 022G,Burglary,Investigation complete; no suspect identified,
3474b42ce97a76ce446cf19cf5214f52c220ba8794a833c9b1f759952e0bca3e,2019-08,Cleveland Police,Cleveland Police,-1.177688,54.570768,On or near Skipper'S Lane,E01033470,Redcar and Cleveland 022G,Burglary,Investigation complete; no suspect identified,
2ea54be04057a5f9b3ddefe4f40765236f0ed5fdee2d0fa381f6b5b0615b5c86,2019-08,Cleveland Police,Cleveland Police,-1.184615,54.579442,On or near Norman Terrace,E01033470,Redcar and Cleveland 022G,Burglary,Investigation complete; no suspect identified,
3e7d0e5367bf596f8cc2be36503c88299d4d85e9169a8b216d76f930cda8ad55,2019-08,Cleveland Police,Cleveland Police,-1.177688,54.570768,On or near Skipper'S Lane,E01033470,Redcar and Cleveland 022G,Burglary,Investigation complete; no suspect identified,
ef0b2382d83ab1e98e58033dae6af7dcd172191542876ab2b42feff6aa3d8540,2019-08,Cleveland Police,Cleveland Police,-1.175114,54.577194,On or near Oliver Street,E01033470,Redcar and Cleveland 022G,Burglary,Investigation complete; no suspect identified,
57d8cf67b7ac6931583cf98151e535f33fd65c315523e87d5cc0920ecf24bfb5,2019-08,Cleveland Police,Cleveland Police,-1.175114,54.577194,On or near Oliver Street,E01033470,Redcar and Cleveland 022G,Burglary,Investigation complete; no suspect identified,
356359e75927e1f08a1a200000fb3b583dfc8050640936ed79dd271b509dcd22,2019-08,Cleveland Police,Cleveland Police,-1.177688,54.570768,On or near Skipper'S Lane,E01033470,Redcar and Cleveland 022G,Burglary,Investigation complete; no suspect identified,
74db633ded6d9c649d311712b8682b26860dd399768afc11043453e8ff568878,2019-08,Cleveland Police,Cleveland Police,-1.166072,54.571479,On or near Sports/Recreation Area,E01033470,Redcar and Cleveland 022G,Burglary,Investigation complete; no suspect identified,
61f03a14d0865a52a94759b00e987cd0398b93a630d405e4e01e650c8443ab19,2019-08,Cleveland Police,Cleveland Police,-1.299589,54.624144,On or near Musgrave Terrace,E01012296,Stockton-on-Tees 001E,Burglary,Investigation complete; no suspect identified,
3ad0c232cad7a2de69d57b673a2ed9fda43d7bc06b4a4a7b4a9c9b379c076c27,2019-08,Cleveland Police,Cleveland Police,-1.29211,54.619571,On or near Fielding Court,E01012297,Stockton-on-Tees 001F,Burglary,Investigation complete; no suspect identified,
17242282e5eb03972626ee1cc00b02a37dd34a2ff0ab9d9eb38c6525190704df,2019-08,Cleveland Police,Cleveland Police,-1.295972,54.604882,On or near Mendip Road,E01012197,Stockton-on-Tees 002A,Burglary,Investigation complete; no suspect identified,
ae9bd6cd8dc7bb04a5ec987d233d105e355059d1de216cb4ad6289ff408c882b,2019-08,Cleveland Police,Cleveland Police,-1.289968,54.607409,On or near Parking Area,E01012276,Stockton-on-Tees 002E,Burglary,Investigation complete; no suspect identified,
828e98d7c20132d5d99884e5acc772dbc44791dccadb5a98a16a70814e09df1f,2019-08,Cleveland Police,Cleveland Police,-1.291829,54.607195,On or near Billingham Shopping Centre,E01012276,Stockton-on-Tees 002E,Burglary,Unable to prosecute suspect,
75930bb87a5cdab9a268ef931bae860dd1ec0829df106babe8ffab7608eca7c3,2019-08,Cleveland Police,Cleveland Police,-1.241638,54.594678,On or near Lime Tree Close,E01012198,Stockton-on-Tees 003B,Burglary,Investigation complete; no suspect identified,
76c4b8e5487b583681fc519acb3c65fc81ddd300a3664b90b7bb9dc7fc58fbeb,2019-08,Cleveland Police,Cleveland Police,-1.271426,54.620977,On or near Evesham Way,E01012245,Stockton-on-Tees 003F,Burglary,Investigation complete; no suspect identified,
295a75c99f2ae373710f0d47dd4743a3b8b8bfe32c6b2a73fd1efb6b8e4f83cd,2019-08,Cleveland Police,Cleveland Police,-1.288842,54.590255,On or near Sports/Recreation Area,E01012278,Stockton-on-Tees 004A,Burglary,Investigation complete; no suspect identified,
984b04ff48b322497a787257c27cfe4fe81c6b5ea5aadaaf54bd5c3c172d7396,2019-08,Cleveland Police,Cleveland Police,-1.289493,54.588443,On or near Mond Crescent,E01012278,Stockton-on-Tees 004A,Burglary,Investigation complete; no suspect identified,
7dfac34d322bf4ba8469481f39225af29e945008b694f8c97188a37b5d3ddb66,2019-08,Cleveland Police,Cleveland Police,-1.289581,54.596694,On or near Bedale Avenue,E01012281,Stockton-on-Tees 004D,Burglary,Investigation complete; no suspect identified,
15cdeeb15b3326b490b0dc4423240ef8cf79567b2a1acb69d11a0bfd72dc442a,2019-08,Cleveland Police,Cleveland Police,-1.304274,54.610044,On or near Wilmire Road,E01012255,Stockton-on-Tees 005A,Burglary,Investigation complete; no suspect identified,
51418ab81dbbf498093a821bdecee93d75024e08a7e6afb050a4353c0878e3b4,2019-08,Cleveland Police,Cleveland Police,-1.376407,54.504687,On or near Black Bull Wynd,E01012269,Stockton-on-Tees 005B,Burglary,Investigation complete; no suspect identified,
85b405023a3b3a22bf59e5224d242ab2b3a541694136d9ab6d59514bab280f92,2019-08,Cleveland Police,Cleveland Police,-1.425164,54.604531,On or near Bell Square,E01012295,Stockton-on-Tees 005E,Burglary,Investigation complete; no suspect identified,
c0846a0135653d19070e1009e5e626eb7ab0c87d55255bf44c1621b26647cb4d,2019-08,Cleveland Police,Cleveland Police,-1.310848,54.584756,On or near Chesterton Court,E01012193,Stockton-on-Tees 007B,Burglary,Investigation complete; no suspect identified,
8f4123265138bc17401f8b7b8d3f25cf150723e7369b8ab9725e1c9c3d74674b,2019-08,Cleveland Police,Cleveland Police,-1.309747,54.587644,On or near Supermarket,E01012260,Stockton-on-Tees 007C,Burglary,Court result unavailable,
8dcd76a9a893cacd01dba19141b663483e0cd34313449c569bd2777492bf6867,2019-08,Cleveland Police,Cleveland Police,-1.341966,54.587571,On or near Redhill Road,E01012249,Stockton-on-Tees 008B,Burglary,Unable to prosecute suspect,
123cdc4a471f25cb871cdc7bf67b1f6aad8d25d45c56cf4bd82dc118c58bec9c,2019-08,Cleveland Police,Cleveland Police,-1.342514,54.593883,On or near Blakeston Lane,E01012249,Stockton-on-Tees 008B,Burglary,Investigation complete; no suspect identified,
cb0ae45fa43b71b02bd4029db1801fb03a2af6608e3f3f64ef36dc9e8e71f3a4,2019-08,Cleveland Police,Cleveland Police,-1.355848,54.582568,On or near Coatham Road,E01032543,Stockton-on-Tees 009G,Burglary,Investigation complete; no suspect identified,
492c900092b4b638083bad6776c831da2d91c2c7b9c690b4df33bbc084f058c2,2019-08,Cleveland Police,Cleveland Police,-1.351686,54.583499,On or near Hardwick Shops,E01032544,Stockton-on-Tees 009H,Burglary,Unable to prosecute suspect,
13fd53c7bc4afd482cf51c9e2b2071f0e6a1afb9d9ad3ed7af3cdd4860d1a177,2019-08,Cleveland Police,Cleveland Police,-1.348316,54.584281,On or near Hardwick Road,E01032544,Stockton-on-Tees 009H,Burglary,Investigation complete; no suspect identified,
3bfdebff8165a86f8d12ea9cd4876c8a41896db0255b48b8436287298b390b76,2019-08,Cleveland Police,Cleveland Police,-1.348316,54.584281,On or near Hardwick Road,E01032544,Stockton-on-Tees 009H,Burglary,Investigation complete; no suspect identified,
57091f896b764eedd0ff11a1e2d5aa5f0e3be5dca26680f026516ebf4ddab2bd,2019-08,Cleveland Police,Cleveland Police,-1.315415,54.57815,On or near Hylton Grove,E01012194,Stockton-on-Tees 010A,Burglary,Investigation complete; no suspect identified,
b27e7c33caa8abd35f77f9828f038f9e7dbf3f61dcf2cda07156d31cc03f86a3,2019-08,Cleveland Police,Cleveland Police,-1.303064,54.583903,On or near Leicester Road,E01012258,Stockton-on-Tees 010C,Burglary,Unable to prosecute suspect,
b9c2736f2f37a8bd9ff054e3cb2a207a6cfdbe67aac57dd830d96e67757858ae,2019-08,Cleveland Police,Cleveland Police,-1.310409,54.586911,On or near Supermarket,E01012259,Stockton-on-Tees 010D,Burglary,Unable to prosecute suspect,
a08a094db54b5b8a448e77440fc3cc9d1356f425601e4e38fb7d9764077dad01,2019-08,Cleveland Police,Cleveland Police,-1.310409,54.586911,On or near Supermarket,E01012259,Stockton-on-Tees 010D,Burglary,Investigation complete; no suspect identified,
83ae1e08b682b884f16e73d19673b5fbd2a8090c9355b83f60ebc0e28d6838aa,2019-08,Cleveland Police,Cleveland Police,-1.308697,54.581122,On or near Grey Street,E01012259,Stockton-on-Tees 010D,Burglary,Unable to prosecute suspect,
0c5dd5a24dd8e1cdd2e045007aeb238ab15e5a67e27a1ed70529b86f911a58a6,2019-08,Cleveland Police,Cleveland Police,-1.306995,54.577455,On or near Swainby Road,E01012268,Stockton-on-Tees 010E,Burglary,Investigation complete; no suspect identified,
9be6cf95bf84eb6917c4a1bfc75734db9440734ef8de4512b4398901d37689b6,2019-08,Cleveland Police,Cleveland Police,-1.306636,54.579475,On or near Gladesfield Road,E01012268,Stockton-on-Tees 010E,Burglary,Investigation complete; no suspect identified,
d853c7c065043bbaff5c4f786e22afa4e17fa0fed9f7b2cf1b6761e32408ca9b,2019-08,Cleveland Police,Cleveland Police,-1.310188,54.576206,On or near Norton Road,E01012268,Stockton-on-Tees 010E,Burglary,Investigation complete; no suspect identified,
6cf79fa6d296c82c21341e3fd1f0407a073f04f52713eb813eaa885e9b674b5c,2019-08,Cleveland Police,Cleveland Police,-1.337393,54.566095,On or near Sports/Recreation Area,E01012219,Stockton-on-Tees 012A,Burglary,Investigation complete; no suspect identified,
7e902943383b0bd9c3703bdc501f85e34146f9ec2bbbbb2cf006d29f356c2d67,2019-08,Cleveland Police,Cleveland Police,-1.319944,54.573718,On or near Dundas Street,E01012252,Stockton-on-Tees 012C,Burglary,Investigation complete; no suspect identified,
0d71e8f9297983a1f239f239e10b63a38364311a8891622d45ed762cfbd08d3e,2019-08,Cleveland Police,Cleveland Police,-1.323383,54.576253,On or near Brierville Road,E01012252,Stockton-on-Tees 012C,Burglary,Unable to prosecute suspect,
4c8027a283f39a79184488c921762bc53f439464d39834c07f6dee511f9beee3,2019-08,Cleveland Police,Cleveland Police,-1.322794,54.572565,On or near Primrose Street,E01012254,Stockton-on-Tees 012E,Burglary,Investigation complete; no suspect identified,
152794696c509893f2a751b512a1048fe6e5388c95b1876ac613682874451229,2019-08,Cleveland Police,Cleveland Police,-1.322175,54.564222,On or near Pedestrian Subway,E01012254,Stockton-on-Tees 012E,Burglary,Investigation complete; no suspect identified,
409e11d72e5222e015fa8b8aa6bc8cf8b4a6a281cd2da353efe93fdf24d44219,2019-08,Cleveland Police,Cleveland Police,-1.32527,54.568769,On or near Stainmore Close,E01012254,Stockton-on-Tees 012E,Burglary,Unable to prosecute suspect,
d1216e25118413703c0c11ab51c6eb300ad0480e4f2731c89496aca04d6e4101,2019-08,Cleveland Police,Cleveland Police,-1.320903,54.569993,On or near Craggs Street,E01012254,Stockton-on-Tees 012E,Burglary,Investigation complete; no suspect identified,
b7528db06957b2baa37206d10fc4fb59b76f429e2bdfbb5807b26b84b1e311bb,2019-08,Cleveland Police,Cleveland Police,-1.351764,54.571762,On or near Mosston Road,E01012206,Stockton-on-Tees 013B,Burglary,Investigation complete; no suspect identified,
1a8c65dbcaf8b489f5fad0c6bab6b36f884b5f5ea374e4d11d56b5f46d00ace8,2019-08,Cleveland Police,Cleveland Police,-1.311793,54.556246,On or near Bus/Coach Station,E01012262,Stockton-on-Tees 014A,Burglary,Suspect charged as part of another case,
956cccd00e90dedcddf767f930261f89c7ce071bb2918425240fc5c0bf90edda,2019-08,Cleveland Police,Cleveland Police,-1.322216,54.557042,On or near St Peter'S Road,E01012262,Stockton-on-Tees 014A,Burglary,Investigation complete; no suspect identified,
a45b321b65e5dfec56f6e89008c0f84c1999b81fa16a90c05796b2bd2910bbe2,2019-08,Cleveland Police,Cleveland Police,-1.309357,54.55856,On or near Bridge Road,E01012262,Stockton-on-Tees 014A,Burglary,Unable to prosecute suspect,
1f37e9de882f2eecaa0b2f28b827cf6e88109c65d5bf7202d185f24339fc8914,2019-08,Cleveland Police,Cleveland Police,-1.311793,54.556246,On or near Bus/Coach Station,E01012262,Stockton-on-Tees 014A,Burglary,Investigation complete; no suspect identified,
3cf14fb6f27dd31b82fb86d440f54cbbc13e7bc6fc2de943d826d3f367fed60a,2019-08,Cleveland Police,Cleveland Police,-1.322216,54.557042,On or near St Peter'S Road,E01012262,Stockton-on-Tees 014A,Burglary,Investigation complete; no suspect identified,
9b6dd7554126d052ccf53bc1bd07f3f4f15ec65d3bd30caa344a7f1acbcea040,2019-08,Cleveland Police,Cleveland Police,-1.311793,54.556246,On or near Bus/Coach Station,E01012262,Stockton-on-Tees 014A,Burglary,Court result unavailable,
b3d794f8f471e3a633f19977e54a2ca16991cfdbbfadfb753f9467255625fe95,2019-08,Cleveland Police,Cleveland Police,-1.320518,54.557823,On or near Northcote Street,E01012262,Stockton-on-Tees 014A,Burglary,Investigation complete; no suspect identified,
f6bf82c406bc845a3621f7ed83c5fb902540d119b4ce9955ea5209f547461621,2019-08,Cleveland Police,Cleveland Police,-1.320558,54.556331,On or near Arlington Street,E01012262,Stockton-on-Tees 014A,Burglary,Investigation complete; no suspect identified,
01dc84cd91dfd5a88701a0b7904399bf9c508e903ff4b75a8f473a9449a11fa6,2019-08,Cleveland Police,Cleveland Police,-1.31901,54.5583,On or near Eleanor Place,E01012262,Stockton-on-Tees 014A,Burglary,Investigation complete; no suspect identified,
67d801433e795e9b9002ab66218242b250ff77db19ad943b29a2e8eee6a3d902,2019-08,Cleveland Police,Cleveland Police,-1.315853,54.559369,On or near Parliament Street,E01012262,Stockton-on-Tees 014A,Burglary,Unable to prosecute suspect,
6da486e4422182fff8c5b22573943de458732516e22ffee50249a37beed8325c,2019-08,Cleveland Police,Cleveland Police,-1.326567,54.556706,On or near Park View,E01012264,Stockton-on-Tees 014C,Burglary,Unable to prosecute suspect,
5aaa50011c210e8e5b8a2f8a94cd6a62841b22b40c53f1001dc14ca2a24b1faa,2019-08,Cleveland Police,Cleveland Police,-1.322079,54.556007,On or near Winston Street,E01012264,Stockton-on-Tees 014C,Burglary,Investigation complete; no suspect identified,
f0d04546e9f5d0bc9dee4f79d0bb54e456ae3b43d9b46da2cd0d0a5a750aae29,2019-08,Cleveland Police,Cleveland Police,-1.327847,54.554089,On or near Arncliffe Avenue,E01012264,Stockton-on-Tees 014C,Burglary,Unable to prosecute suspect,
2d9a1a5d5c8f65e2ea67a407ea3c0b4a2ad6997e631b1ad539640bdc1c1ff7ff,2019-08,Cleveland Police,Cleveland Police,-1.293978,54.572455,On or near Ross Road,E01012266,Stockton-on-Tees 014E,Burglary,Investigation complete; no suspect identified,
f5950a5af07eab1c18a28a0dcc757af99ef03efb53c4821da63735106b977643,2019-08,Cleveland Police,Cleveland Police,-1.30471,54.574458,On or near Cowper Road,E01012266,Stockton-on-Tees 014E,Burglary,Investigation complete; no suspect identified,
84c2b9fa6a25390c3a9838be1852085d6cc694a23581c3bc3eadbd22e1a53e50,2019-08,Cleveland Police,Cleveland Police,-1.307929,54.56797,On or near Supermarket,E01012266,Stockton-on-Tees 014E,Burglary,Investigation complete; no suspect identified,
cdbe29db5ee012c243a4c3f2db6e38e8c1d85f001fd9d3ef39185e56059bc810,2019-08,Cleveland Police,Cleveland Police,-1.309357,54.574125,On or near Tilery Road,E01012266,Stockton-on-Tees 014E,Burglary,Investigation complete; no suspect identified,
4114970829fe3e111e97989c18b5323c26c4b4e24f5ff5ebc41ea99eb23d1c9f,2019-08,Cleveland Police,Cleveland Police,-1.312338,54.568849,On or near Queen Street,E01012266,Stockton-on-Tees 014E,Burglary,Investigation complete; no suspect identified,
a19aadff87eb5e58d56a3a1e15212c98549aab230ee373508b52bbc1dfca323b,2019-08,Cleveland Police,Cleveland Police,-1.319885,54.564254,On or near Fagg Street,E01012267,Stockton-on-Tees 014F,Burglary,Investigation complete; no suspect identified,
abd3677476de55412f67d38af98d8a358fac4890f29f8153396cdbf2ea914a27,2019-08,Cleveland Police,Cleveland Police,-1.319885,54.564254,On or near Fagg Street,E01012267,Stockton-on-Tees 014F,Burglary,Unable to prosecute suspect,
7747afeb6977fe5b557437da5a482efdbbf572d43338f8365e0f25ea5591d9be,2019-08,Cleveland Police,Cleveland Police,-1.319885,54.564254,On or near Fagg Street,E01012267,Stockton-on-Tees 014F,Burglary,Investigation complete; no suspect identified,
b2002d0688640e868bad098f8adac551fa7516b7dbb16874884cd828f10693f5,2019-08,Cleveland Police,Cleveland Police,-1.316613,54.568504,On or near Inkerman Street,E01012267,Stockton-on-Tees 014F,Burglary,Investigation complete; no suspect identified,
0a449b2f0b5648b01bcf00b3fea5c0d636cd913b24df88013325a1af18ae1f5d,2019-08,Cleveland Police,Cleveland Police,-1.311126,54.561868,On or near Riverside,E01033477,Stockton-on-Tees 014G,Burglary,Investigation complete; no suspect identified,
a85c30bfdd55585ebd2cd46dc3d10e59a4498c671e06c0ec8456d9ae707f4eed,2019-08,Cleveland Police,Cleveland Police,-1.321099,54.560055,On or near Outram Street,E01033477,Stockton-on-Tees 014G,Burglary,Investigation complete; no suspect identified,
70126e93168c36178f2d9aaca4973fd3c84a097dcf580891012d21c48b8d22ab,2019-08,Cleveland Police,Cleveland Police,-1.319174,54.563333,On or near Ward Close,E01033477,Stockton-on-Tees 014G,Burglary,Unable to prosecute suspect,
14f80837e1e57fd2c45a611277b169d45bc4e2d9362478a6fcc9d7cd22e2a2b1,2019-08,Cleveland Police,Cleveland Police,-1.321099,54.560055,On or near Outram Street,E01033477,Stockton-on-Tees 014G,Burglary,Investigation complete; no suspect identified,
82bfc8e5aa59e9f6a5ce2a24310be9d78b9d9dd2f6ad30733863e531bf740307,2019-08,Cleveland Police,Cleveland Police,-1.324955,54.557848,On or near Cranbourne Terrace,E01033477,Stockton-on-Tees 014G,Burglary,Investigation complete; no suspect identified,
9fca3dbbefad1884f84956ad20a67d0e9c9401c631c11f13ad9d553985ccde41,2019-08,Cleveland Police,Cleveland Police,-1.317441,54.559666,On or near Westcott Street,E01033477,Stockton-on-Tees 014G,Burglary,Investigation complete; no suspect identified,
423179d27e76f5354cbe6c8a4682d738bf6296faffd9f26e53885ea5459fb514,2019-08,Cleveland Police,Cleveland Police,-1.321099,54.560055,On or near Outram Street,E01033477,Stockton-on-Tees 014G,Burglary,Investigation complete; no suspect identified,
cf8c5fa141808fbcbd403481189db03fbc429dc4a44845fca1487a05e1f3cf5a,2019-08,Cleveland Police,Cleveland Police,-1.319324,54.558957,On or near Edwards Street,E01033477,Stockton-on-Tees 014G,Burglary,Investigation complete; no suspect identified,
407b8d6d3012d63006339f9b7fb1da5e26284102d7696083651d34397ddf0778,2019-08,Cleveland Police,Cleveland Police,-1.321099,54.560055,On or near Outram Street,E01033477,Stockton-on-Tees 014G,Burglary,Investigation complete; no suspect identified,
811a559de943aaddc12178d35511b1981b7b9bbaf33e3143fdfd19774a5ed6b0,2019-08,Cleveland Police,Cleveland Police,-1.317138,54.562064,On or near Parking Area,E01033477,Stockton-on-Tees 014G,Burglary,Investigation complete; no suspect identified,
11a4e891821ecb8e1d04664a8f288f98dac4da4e149bea76fe1b6d523bdc327e,2019-08,Cleveland Police,Cleveland Police,-1.323204,54.561855,On or near Manfield Street,E01033477,Stockton-on-Tees 014G,Burglary,Investigation complete; no suspect identified,
ddd5ee531f0974da768e50b9807e3c7cb0b116805252fb451c20b476efc079b5,2019-08,Cleveland Police,Cleveland Police,-1.321099,54.560055,On or near Outram Street,E01033477,Stockton-on-Tees 014G,Burglary,Investigation complete; no suspect identified,
323e59e1181b6a965f056a827b3518c27c14a9a06c73cc9b6ca648f85528dfa9,2019-08,Cleveland Police,Cleveland Police,-1.318407,54.561109,On or near Lawson Street,E01033477,Stockton-on-Tees 014G,Burglary,Investigation complete; no suspect identified,
95c6486fc189e90b5946205ca270d5e2b71619eebd3031aa6de1a1d2868bf60b,2019-08,Cleveland Police,Cleveland Police,-1.321099,54.560055,On or near Outram Street,E01033477,Stockton-on-Tees 014G,Burglary,Investigation complete; no suspect identified,
e6f726cd5e43f332c2ae0f085d60044cc2479eeefd7d8a9457a56ef63d21ab0d,2019-08,Cleveland Police,Cleveland Police,-1.320302,54.563385,On or near Dean Street,E01033477,Stockton-on-Tees 014G,Burglary,Investigation complete; no suspect identified,
66819d4d9a2a635936c667ca7fb6ee08e00ca8d778c3fb2128dc73696b1bd925,2019-08,Cleveland Police,Cleveland Police,-1.34967,54.554613,On or near Reeth Road,E01012224,Stockton-on-Tees 015C,Burglary,Investigation complete; no suspect identified,
0bf1b5314b91c9f8e2fff4dc814296ed441736107c411ba71a5d74c88b709bed,2019-08,Cleveland Police,Cleveland Police,-1.324472,54.561826,On or near Mary Street,E01012217,Stockton-on-Tees 016B,Burglary,Investigation complete; no suspect identified,
51e04cc6c3d6c2bee0c6eb905b3b68525a78c34194b82684167eb1ea19694774,2019-08,Cleveland Police,Cleveland Police,-1.332418,54.555373,On or near Willowdene Avenue,E01012218,Stockton-on-Tees 016C,Burglary,Investigation complete; no suspect identified,
0dd3ff0346165079ae06e15f045b69aa693c8a821ab56fb1092ebec8ccc86e04,2019-08,Cleveland Police,Cleveland Police,-1.339545,54.554504,On or near Hartburn Village,E01012223,Stockton-on-Tees 016D,Burglary,Investigation complete; no suspect identified,
e755fd092ba658726f29e26255b11c53c0e273c0c8191b8d4b514b7eda57ad9a,2019-08,Cleveland Police,Cleveland Police,-1.299811,54.553427,On or near Scarborough Street,E01012286,Stockton-on-Tees 017A,Burglary,Investigation complete; no suspect identified,
464b1440e51a5beb8ca386b782c9ee049f86d37e2a101adf5f492f299880db3e,2019-08,Cleveland Police,Cleveland Police,-1.297577,54.555652,On or near Cranworth Green,E01012287,Stockton-on-Tees 017B,Burglary,Investigation complete; no suspect identified,
907efdb5c468140b67c9831f629fd54680bbcd7953eed6cb9d29754faec1c364,2019-08,Cleveland Police,Cleveland Police,-1.303593,54.551076,On or near Grange Road,E01012288,Stockton-on-Tees 017C,Burglary,Investigation complete; no suspect identified,
874f0c4e9ef86f99aeffda1626868af47b7078954c74284c86836f9777c45d99,2019-08,Cleveland Police,Cleveland Police,-1.294022,54.545718,On or near Avon Close,E01012239,Stockton-on-Tees 018B,Burglary,Investigation complete; no suspect identified,
f0a7af67db61d31176e137817278928f19bb2eb897ec82bb19be0c6057d5dfb3,2019-08,Cleveland Police,Cleveland Police,-1.28715,54.549767,On or near Sports/Recreation Area,E01012240,Stockton-on-Tees 018C,Burglary,Investigation complete; no suspect identified,
441f5e12cbd8db8fdea24492ffe7d7cbf1274a8f9a3def81134ebe0b56673885,2019-08,Cleveland Police,Cleveland Police,-1.300935,54.540106,On or near Thornaby Police Station,E01012291,Stockton-on-Tees 019B,Burglary,Investigation complete; no suspect identified,
761e5f161f04fbcefe4a0016ae1122437a13827b41e3c2299b087e950470a49c,2019-08,Cleveland Police,Cleveland Police,-1.296244,54.54326,On or near Derwent Road,E01012292,Stockton-on-Tees 019C,Burglary,Formal action is not in the public interest,
9d7a4bdaae31e8ccc30f0a7b845073f2cde62210d327662fa2a723f2b725ec62,2019-08,Cleveland Police,Cleveland Police,-1.293121,54.542397,On or near Staindale Road,E01012292,Stockton-on-Tees 019C,Burglary,Unable to prosecute suspect,
411d6c16d53bc44982fc1e8166d778df79b62c7cf06e54828dca0d2b5169fed9,2019-08,Cleveland Police,Cleveland Police,-1.291492,54.53917,On or near Sports/Recreation Area,E01012284,Stockton-on-Tees 020C,Burglary,Investigation complete; no suspect identified,
400cf6752c6cc9163795af7b458b689bce1302300f2f274694765df1733b6332,2019-08,Cleveland Police,Cleveland Police,-1.289696,54.537596,On or near Supermarket,E01012284,Stockton-on-Tees 020C,Burglary,Investigation complete; no suspect identified,
4f4796dd8a4097231cb676c7edf2e308f97cd6f17d57aa78c3e8ddc9c18a7650,2019-08,Cleveland Police,Cleveland Police,-1.290485,54.533997,On or near Tedder Avenue,E01012284,Stockton-on-Tees 020C,Burglary,Investigation complete; no suspect identified,
7d3bd7f52945d447c354b7875470be4bbf351e0c526f8a99f5ac428d8066431f,2019-08,Cleveland Police,Cleveland Police,-1.302426,54.529716,On or near Woodford Walk,E01012285,Stockton-on-Tees 020D,Burglary,Court result unavailable,
d99518daa3e5bfffece17e8c435082633449f089872eed37ce377c48f14977e5,2019-08,Cleveland Police,Cleveland Police,-1.30102,54.529735,On or near Blackbush Walk,E01012285,Stockton-on-Tees 020D,Burglary,Unable to prosecute suspect,
b8597865ac944c939e085a246e7a375a2ff7eb7a5b21233b21b4be6290480320,2019-08,Cleveland Police,Cleveland Police,-1.349171,54.519911,On or near Sunningdale Drive,E01012199,Stockton-on-Tees 021A,Burglary,Investigation complete; no suspect identified,
9ab79b9ada24b727a470727b0fecb0ad785ca3dd9bb82395ff1949ed969690da,2019-08,Cleveland Police,Cleveland Police,-1.360612,54.518364,On or near Orchard Mews,E01012200,Stockton-on-Tees 021B,Burglary,Investigation complete; no suspect identified,
af0d26e53633b1326d51a8df5614e4148ab45b7826380c8fa4c2371ae766fb50,2019-08,Cleveland Police,Cleveland Police,-1.36454,54.518088,On or near Valley Gardens,E01012200,Stockton-on-Tees 021B,Burglary,Investigation complete; no suspect identified,
68b6efa5d07c80bb9c26e22d1a92bf3f26507b72be4e1705701b298755d65e7e,2019-08,Cleveland Police,Cleveland Police,-1.31315,54.506708,On or near Dulverton Close,E01012234,Stockton-on-Tees 023E,Burglary,Investigation complete; no suspect identified,
d0bbe2ab4580a2d5343e53eaf60987261501c3dd2dee0e8864ab390f08a6c830,2019-08,Cleveland Police,Cleveland Police,-1.346483,54.481162,On or near Grove Bank,E01012235,Stockton-on-Tees 024A,Burglary,Unable to prosecute suspect,
d4a7521e64b89f6d4c78a21da960c47a70d453438904ac1d065e215b6d570348,2019-08,Cleveland Police,Cleveland Police,-1.355943,54.511706,On or near Yarm Road,E01012299,Stockton-on-Tees 024C,Burglary,Investigation complete; no suspect identified,
83424f9de7834121be507508cb2d2f362e400bdfbcf84f8059ab697ea02e54d4,2019-08,Cleveland Police,Cleveland Police,-1.354514,54.510288,On or near Supermarket,E01012299,Stockton-on-Tees 024C,Burglary,Unable to prosecute suspect,
901cecd2a1a116700ecd0a7bdaacf6cf85783c256e52a4cc706535149dda8833,2019-08,Cleveland Police,Cleveland Police,-1.359756,54.493069,On or near Eskdale Close,E01012303,Stockton-on-Tees 024G,Burglary,Unable to prosecute suspect,
